,1,2,3,4,5,6,7,8,9,10,11,12,13,14,15,16,17,18,19,20,21,22,23,24,25,26,27,28,29,30,31,32,33,34,35,36,37,38,39,40,41,42,43,44,45,46,47,48,49,50,51,52,53,54,55,56,57,58,59,60,61,62,63,64,65,66,67,68,69,70,71,72,73,74,75,76,77,78,79,80,81,82,83,84,85,86,87,88,89,90,91,92,93,94,95,96,97,98,99,100,101,102,103,104,105,106,107,108,109,110,111,112,113,114,115,116,117,118,119,120,121,122,123,124,125,126,127,128,129,130
0,2,3,5,4,3,2,4,3,1,1,1,1,4,4,5,1,3,5,4,5,1,5,2,3,1,1,5,3,1,3,3,3,2,5,2,4,1,4,3,5,1,3,3,1,3,4,4,1,1,5,1,1,5,1,1,4,3,1,4,3,5,2,3,3,5,3,3,2,2,5,1,1,1,2,5,1,1,5,4,3,4,5,4,1,5,5,1,5,4,4,1,3,2,1,5,2,4,1,3,5,3,3,1,1,3,1,4,3,5,5,3,4,5,5,3,5,4,4,3,1,4,1,1,4,5,5,1,2,2,5
1,3,4,4,4,4,3,3,2,3,4,3,4,5,3,4,2,4,4,3,5,3,3,4,4,4,3,4,3,3,5,4,4,3,4,5,4,3,3,3,4,3,3,3,3,3,3,3,3,3,5,3,5,3,5,3,3,3,3,5,3,5,3,4,3,5,5,3,3,3,5,5,3,3,3,2,2,4,4,3,5,5,5,3,2,5,5,3,5,5,3,3,2,3,2,5,3,3,2,3,4,5,3,3,3,5,2,4,3,5,2,3,4,3,5,4,5,3,4,3,3,5,3,3,5,5,5,2,3,4,4
2,3,4,4,3,5,5,4,3,5,4,3,5,5,4,3,1,5,5,4,4,4,3,3,3,3,3,3,3,4,3,5,4,5,3,3,3,5,5,5,3,4,4,5,3,4,4,5,4,4,5,5,4,3,4,4,4,5,4,5,3,4,3,3,5,4,5,4,5,4,5,4,5,5,5,5,5,3,5,5,5,5,5,5,5,5,5,5,5,4,4,4,4,5,5,5,5,5,4,4,2,2,1,1,3,3,1,2,3,4,5,5,5,5,5,4,3,4,4,4,3,3,4,3,3,4,5,5,3,3,5
3,3,5,5,4,5,5,5,4,4,5,4,3,5,5,5,4,5,3,3,5,3,4,5,5,5,5,5,5,3,4,4,4,4,4,4,4,4,4,4,4,3,3,5,3,3,3,5,4,3,5,3,4,3,3,3,3,2,4,4,4,4,4,5,3,4,5,5,4,3,4,4,4,4,3,4,3,4,5,4,4,4,4,3,4,3,4,3,5,5,5,5,4,4,3,4,4,4,1,3,4,5,3,3,1,5,3,3,4,5,5,4,4,3,5,5,5,4,4,4,3,3,4,3,5,4,3,3,4,4,4
4,3,4,5,4,3,3,3,3,3,3,3,3,4,4,3,2,3,5,3,4,3,3,3,3,3,3,3,3,3,3,3,3,3,5,3,3,3,4,4,3,4,4,4,2,3,3,4,3,4,4,4,3,3,2,3,3,3,3,4,4,4,2,4,3,4,4,4,3,3,3,3,3,3,3,3,3,3,3,1,3,3,4,3,3,3,4,3,3,3,3,3,3,3,3,3,3,3,3,3,4,3,3,2,4,3,3,3,3,4,4,3,4,2,3,3,3,4,4,3,3,4,3,3,2,3,3,3,3,3,4
5,3,4,2,3,3,3,1,4,2,4,2,2,3,4,4,2,3,3,3,3,2,1,2,5,2,1,3,1,1,2,4,3,3,3,4,3,3,4,1,3,3,2,4,1,5,4,4,2,2,4,3,3,5,2,3,4,5,2,4,3,5,3,3,1,4,5,4,2,1,4,3,3,1,5,4,3,3,3,3,3,3,3,1,3,4,4,3,4,5,5,2,4,4,2,3,4,5,1,1,4,3,3,2,1,4,1,2,4,5,5,4,3,5,4,4,4,2,3,1,2,5,2,3,4,5,3,2,4,3,4
6,4,3,5,4,3,3,3,4,3,3,3,3,4,3,3,3,3,5,4,5,4,4,4,4,3,4,5,3,3,3,4,3,3,4,3,4,3,3,4,5,4,5,3,3,3,3,3,3,3,5,3,3,4,4,4,3,3,3,5,3,3,4,4,4,4,3,3,3,3,4,4,3,3,3,3,3,4,4,4,3,3,3,4,3,4,4,4,3,3,3,4,3,3,3,4,3,3,3,3,5,3,3,4,3,3,4,4,4,3,3,4,4,3,5,3,3,3,3,3,3,4,4,3,3,4,4,3,3,3,3
7,2,3,4,2,4,3,4,4,3,2,2,4,4,3,3,1,4,2,4,4,2,3,4,4,5,3,4,2,2,4,3,4,2,4,4,3,3,2,2,4,3,2,3,2,2,3,2,2,1,5,2,5,4,3,3,2,4,3,5,2,3,2,4,3,2,3,2,3,2,4,4,4,3,1,3,3,3,3,3,4,4,2,4,3,2,4,2,3,3,2,4,3,3,1,4,2,2,3,1,4,5,3,3,3,2,1,4,4,3,2,2,5,2,5,4,3,2,2,2,3,4,3,2,4,2,4,1,3,2,4
8,4,3,3,3,3,3,4,3,3,4,3,4,4,3,4,3,3,4,3,4,3,3,4,3,4,3,4,3,3,4,3,4,3,4,3,3,3,3,3,4,3,3,3,3,3,3,3,3,3,4,3,3,3,3,4,3,3,3,4,3,3,3,4,4,4,4,3,4,4,3,3,3,4,3,3,3,4,3,3,3,4,3,4,4,3,4,3,3,3,3,3,3,3,3,3,3,3,3,3,3,4,3,3,3,3,3,3,3,3,3,3,3,3,4,3,3,4,3,3,3,4,3,3,3,3,3,3,3,3,4
9,3,4,4,3,4,3,3,3,3,3,4,2,3,3,3,3,3,4,2,3,2,4,4,4,4,2,3,2,2,4,4,4,3,3,5,3,1,4,2,4,3,2,3,3,4,4,3,2,2,5,4,5,4,5,3,4,2,5,3,2,3,4,3,2,5,4,3,2,2,4,4,4,3,4,4,2,1,3,5,3,4,4,2,2,4,2,3,2,3,3,4,4,4,2,3,4,2,1,2,4,4,3,4,1,3,2,2,3,4,2,2,4,3,4,5,4,2,2,4,3,4,3,2,4,4,3,2,2,2,4
10,4,4,4,4,5,4,4,3,3,4,4,4,4,3,5,4,4,4,4,4,5,4,4,4,4,4,4,4,3,4,4,4,4,4,5,4,4,5,4,4,4,4,4,4,4,4,4,4,4,4,4,4,4,4,5,4,5,4,4,4,4,4,4,3,4,5,5,4,3,4,4,4,5,4,5,4,4,4,4,4,4,4,4,3,4,4,4,4,4,4,4,4,4,4,4,4,4,3,4,4,4,5,4,3,4,5,4,4,5,4,4,5,4,5,4,4,4,4,4,4,4,5,4,5,4,4,4,4,4,4
11,3,4,5,3,4,4,4,4,2,5,3,4,4,4,3,2,5,5,4,4,5,4,5,5,4,5,4,2,2,4,4,4,3,5,5,5,3,5,4,4,4,4,4,3,4,4,4,3,2,5,4,4,4,5,4,4,4,4,4,3,4,4,4,3,5,5,4,4,4,4,4,5,2,4,4,4,4,4,4,4,5,4,4,4,4,5,4,4,5,4,3,4,5,4,5,5,4,1,4,4,5,4,4,3,5,4,4,4,5,5,5,4,3,5,5,4,4,5,4,4,4,3,3,4,4,4,4,4,5,4
12,3,4,3,4,4,4,3,3,3,4,3,4,4,4,4,2,3,4,3,4,3,4,4,4,3,3,3,3,3,3,4,3,2,3,4,4,2,3,2,4,3,3,3,2,3,4,4,3,3,5,3,4,4,3,3,3,3,3,4,4,4,3,4,3,3,4,3,3,3,4,3,3,3,3,3,3,3,4,3,3,3,4,3,2,4,3,3,3,4,4,4,3,4,3,3,3,2,2,3,4,4,3,2,2,3,2,2,4,3,3,3,3,3,3,4,4,3,4,3,3,3,2,2,3,4,3,3,3,4,4
13,3,4,5,5,5,4,3,3,4,5,3,2,4,4,4,2,3,5,4,5,4,4,3,5,5,5,5,5,3,4,4,5,2,5,4,3,2,4,3,5,4,5,4,2,4,4,3,3,4,5,3,4,5,5,4,3,4,4,5,3,3,3,4,3,5,5,5,5,3,5,5,5,4,4,4,3,3,5,4,5,5,5,4,3,5,5,5,5,3,4,4,5,5,2,5,4,3,3,2,5,4,5,3,3,3,3,4,4,5,4,3,4,4,5,5,5,3,3,4,2,3,2,3,4,5,5,3,3,3,5
14,3,3,4,4,2,1,2,3,3,4,3,5,4,3,5,1,4,2,1,3,1,4,3,5,3,5,4,3,4,3,2,5,2,5,3,4,1,5,5,4,2,3,3,1,1,4,3,1,1,5,4,1,5,3,2,5,4,4,3,3,3,3,4,4,4,2,2,1,4,4,1,2,1,1,4,1,4,4,4,2,4,3,5,2,2,4,2,3,3,3,2,3,3,1,4,1,2,1,4,3,5,4,3,1,3,1,4,2,4,3,1,2,3,4,1,1,3,2,2,1,3,1,3,3,2,2,1,2,3,5
15,2,4,4,4,5,3,4,3,3,2,1,2,5,4,3,2,4,5,3,4,2,2,4,3,3,3,5,4,3,4,5,4,3,4,4,3,3,4,2,4,4,5,4,4,4,3,4,3,3,3,4,4,5,4,4,4,4,3,4,3,3,4,4,2,3,3,4,3,3,4,4,5,3,4,4,4,5,3,2,4,4,3,4,5,4,3,4,3,3,4,4,3,3,3,3,4,4,3,5,4,3,4,3,4,3,4,4,4,3,3,4,3,2,4,4,3,3,3,4,3,5,4,4,4,4,3,3,4,4,3
16,4,4,3,3,3,3,4,3,1,4,3,3,5,3,3,3,3,3,4,5,5,3,3,4,3,3,4,3,3,3,3,3,4,4,4,3,1,3,3,4,4,4,4,4,3,3,3,4,2,5,3,3,3,3,4,3,3,4,5,3,3,5,5,3,5,3,5,4,3,5,3,2,2,2,3,4,5,5,5,1,3,3,3,3,4,5,5,3,3,3,4,3,3,4,4,4,2,3,4,5,3,4,4,2,3,4,5,3,3,3,4,3,3,3,3,3,3,3,3,3,3,4,3,3,4,4,4,3,3,4
17,3,4,4,3,4,4,4,3,2,3,2,4,4,4,4,1,4,3,4,5,3,3,3,3,4,2,2,1,3,3,4,3,4,4,4,3,3,3,3,4,4,3,3,3,3,4,4,4,3,4,3,4,4,3,4,4,4,3,3,4,5,3,4,3,4,4,3,1,3,3,4,3,3,3,4,3,2,4,4,4,4,3,3,4,4,3,3,3,4,5,2,3,2,4,4,4,2,3,4,1,3,2,5,4,4,2,3,4,4,4,4,3,3,3,4,3,4,3,4,4,3,3,3,3,5,5,5,3,4,4
18,3,3,3,4,4,4,4,4,3,4,5,4,4,3,3,3,4,4,4,4,3,5,4,3,5,3,4,3,4,3,5,3,4,4,4,3,4,3,2,4,3,4,3,3,5,4,4,5,4,3,4,3,5,4,4,4,4,5,4,3,3,4,4,3,5,4,4,4,4,4,4,3,4,3,3,4,4,4,5,3,4,4,3,3,4,3,3,4,4,4,3,3,3,4,3,4,3,4,3,4,3,5,5,4,4,3,4,3,5,4,4,4,4,3,4,4,3,3,4,3,3,4,3,4,3,4,3,3,4,4
19,3,4,4,2,5,3,2,2,3,4,2,1,2,4,2,1,4,4,3,4,3,4,2,4,1,1,1,1,1,3,4,2,1,4,5,5,2,1,1,5,3,2,3,1,3,1,2,1,1,5,1,3,4,4,1,1,1,5,4,2,4,3,4,3,5,4,4,3,1,4,1,1,1,2,3,1,2,3,4,2,2,3,1,3,5,2,2,3,3,4,2,3,2,1,4,3,4,1,1,4,4,3,1,1,3,1,1,3,1,3,1,1,2,4,4,3,1,2,2,1,1,2,3,1,4,3,1,3,1,4
20,2,4,3,5,5,2,3,3,1,3,2,3,4,4,5,1,4,5,3,4,1,3,4,5,5,2,4,3,1,3,4,4,1,4,4,4,1,3,2,4,1,4,3,2,4,5,4,5,1,5,5,4,4,3,1,3,4,1,5,2,4,3,3,3,3,4,5,2,3,5,2,5,1,5,5,4,3,3,1,5,1,4,3,1,5,5,2,4,4,5,1,4,5,1,4,4,4,1,3,5,1,3,2,1,3,1,1,3,5,5,2,5,3,5,2,5,2,4,1,1,3,1,1,5,5,4,1,1,4,5
21,5,4,2,3,5,5,4,3,3,3,5,3,5,4,3,5,5,3,5,5,5,3,5,4,5,3,4,5,4,5,4,3,5,3,5,5,4,4,2,4,4,4,4,5,3,3,4,5,5,4,3,4,3,4,4,4,4,5,5,4,5,5,4,3,4,4,3,4,2,3,5,5,3,3,3,5,5,3,5,4,4,3,3,3,4,4,5,4,4,4,5,4,4,5,5,3,3,2,2,5,5,4,5,4,3,5,5,4,3,3,4,5,2,5,5,3,3,3,5,5,3,5,5,4,4,5,5,3,3,1
22,3,4,5,4,4,4,3,3,2,4,3,3,3,4,3,2,3,3,4,4,3,3,3,4,3,3,3,3,3,3,4,3,4,4,5,3,4,3,3,4,5,3,4,3,3,3,4,3,3,4,4,4,4,4,4,3,3,4,3,3,3,3,5,4,4,4,3,3,3,5,3,3,3,3,4,3,3,3,4,3,3,4,3,4,5,3,3,4,3,4,3,4,4,3,3,3,3,2,3,5,3,4,4,1,4,3,3,3,4,3,3,3,3,4,4,4,3,3,3,3,4,4,4,3,4,3,4,3,3,4
23,1,4,2,1,5,3,3,2,4,3,3,3,4,4,2,2,3,4,4,4,4,4,4,5,4,2,4,3,3,5,4,3,3,3,4,3,2,2,2,4,3,2,2,3,2,2,3,3,2,5,3,5,3,4,4,2,4,4,4,3,3,3,4,2,2,3,4,2,3,3,2,3,2,4,2,3,3,3,3,3,5,4,3,3,4,4,3,3,3,4,2,2,3,1,4,3,3,1,4,5,5,2,3,1,4,2,4,3,1,3,4,4,2,4,5,4,3,3,5,2,3,2,3,1,5,4,2,3,3,4
24,3,4,5,5,4,4,4,3,3,4,3,3,4,3,4,1,4,5,4,4,3,4,4,4,4,3,4,4,3,4,4,4,3,5,5,4,2,4,4,4,4,4,4,3,4,5,3,4,4,4,4,3,4,4,3,4,5,3,5,4,4,3,4,3,3,4,4,3,4,4,4,4,3,4,5,5,3,5,3,4,4,5,4,3,4,5,4,3,4,3,3,4,4,3,4,4,3,3,4,5,4,3,2,2,4,2,4,3,5,3,3,5,4,5,4,4,4,4,4,3,3,3,4,4,4,4,3,3,4,5
25,3,4,4,4,5,3,2,4,3,5,5,4,4,5,5,3,5,4,3,5,4,5,3,4,1,4,4,3,4,3,4,4,5,5,5,5,3,5,4,5,4,3,4,3,4,4,5,3,4,5,5,2,4,4,3,2,4,5,5,4,5,2,4,3,4,5,5,3,2,5,1,2,4,4,5,2,4,5,5,4,4,4,3,2,5,5,5,5,5,5,5,5,3,1,5,4,4,3,4,5,4,5,4,4,4,3,3,5,2,5,4,5,3,5,3,4,5,4,3,3,2,3,3,5,4,5,3,4,5,5
26,2,4,3,4,4,2,2,1,1,4,3,3,3,2,4,1,4,4,4,3,2,1,1,3,3,3,3,1,1,1,2,2,1,3,4,4,1,4,4,5,4,2,2,2,4,1,5,1,1,4,1,1,1,2,1,1,2,1,4,4,5,3,4,2,5,4,4,3,2,4,2,1,1,4,4,1,1,2,4,1,3,5,4,1,2,4,3,5,3,3,4,2,4,1,4,1,1,1,3,4,4,3,4,1,4,1,4,2,4,4,1,4,2,3,3,4,1,1,1,1,1,4,3,4,2,3,1,1,1,4
27,4,4,2,4,5,3,2,2,3,3,2,4,1,4,5,1,5,5,3,2,2,2,3,4,4,1,1,1,1,4,3,2,1,3,4,4,1,4,1,4,3,2,2,2,3,4,5,3,2,4,3,4,3,4,2,1,2,1,1,1,4,2,5,3,3,5,3,3,2,2,4,2,2,3,5,2,3,2,3,4,5,5,4,1,3,2,3,4,5,3,4,4,4,1,2,5,5,1,1,5,5,4,1,1,4,2,1,3,5,5,2,3,1,5,4,4,2,4,4,3,2,2,2,4,3,3,1,4,2,4
28,3,4,4,2,3,4,4,3,1,4,3,3,5,4,4,2,4,5,4,5,2,2,5,4,4,2,5,3,4,5,4,3,2,4,3,4,2,2,2,4,4,4,4,3,3,3,3,2,2,4,3,5,3,4,4,4,4,3,5,5,4,2,4,2,4,2,5,3,1,4,4,4,3,3,2,2,4,4,3,3,4,4,3,2,4,4,2,3,4,4,4,3,2,3,5,2,1,1,2,4,4,2,3,1,3,2,4,4,4,3,3,4,3,5,4,3,3,2,3,2,3,3,3,4,4,4,3,3,3,4
29,5,3,4,3,5,3,3,3,3,3,3,3,4,3,3,3,3,5,3,4,3,4,3,1,4,4,4,3,3,5,3,4,3,3,3,3,3,3,3,4,3,3,3,4,3,3,5,3,4,5,3,4,3,5,3,3,3,3,5,3,3,3,5,3,4,3,3,3,3,5,4,3,3,3,4,3,4,5,3,3,4,3,3,3,3,4,3,3,3,4,3,3,3,3,5,3,3,1,3,5,4,4,3,3,3,3,2,4,3,4,3,4,3,4,5,3,3,3,4,3,4,3,3,4,1,4,3,3,3,4
30,1,3,5,4,4,3,3,3,1,3,1,3,4,4,4,1,3,4,3,4,2,3,3,4,3,4,4,3,2,3,3,4,1,5,4,3,1,3,4,4,3,4,3,1,3,3,3,4,3,4,3,3,4,3,3,3,3,2,4,3,4,3,3,3,4,4,3,3,4,4,1,3,2,3,5,1,4,4,2,4,3,3,4,1,5,4,3,4,3,3,1,4,5,3,4,3,4,1,4,4,4,3,3,1,4,2,4,3,4,4,3,3,3,5,4,4,4,3,3,3,4,2,3,4,4,4,2,4,3,4
31,2,3,4,2,5,4,3,4,2,4,4,4,4,4,2,1,3,3,5,5,4,4,4,4,5,4,4,2,2,4,4,3,3,4,4,2,2,2,3,5,5,4,3,3,2,2,4,3,2,5,4,3,4,5,4,2,2,4,4,4,2,3,4,4,3,2,3,4,4,5,2,5,4,2,3,2,2,4,4,4,4,2,4,2,3,5,4,4,3,4,4,4,4,4,4,2,2,2,3,4,4,4,4,1,4,2,2,3,2,2,3,4,4,4,4,3,4,2,4,3,4,2,4,2,3,4,3,3,2,2
32,2,4,3,5,5,2,3,3,2,4,2,5,3,4,4,1,3,4,2,4,3,4,3,4,4,5,5,2,3,4,4,3,1,4,4,3,2,2,5,5,4,2,4,1,4,4,4,5,2,5,3,3,4,5,4,4,2,3,5,4,4,3,4,4,4,3,4,4,4,4,4,2,2,4,5,3,3,5,4,3,4,3,5,1,4,3,3,4,3,4,2,4,4,3,4,4,4,1,4,5,4,1,5,1,3,1,4,4,4,3,3,4,4,3,4,3,4,3,3,2,4,2,1,4,5,4,1,3,5,4
33,4,4,4,4,5,4,3,3,3,3,4,4,4,4,4,2,3,4,4,3,3,4,3,4,4,4,2,4,2,4,3,3,3,4,4,4,4,4,2,4,4,3,3,2,2,3,4,3,3,4,2,3,4,4,3,2,2,3,2,3,4,3,5,4,4,4,2,2,2,3,4,2,3,2,3,3,2,2,2,2,2,3,3,4,2,1,2,4,3,2,3,2,3,2,2,2,2,3,1,3,2,3,3,2,2,2,2,3,4,2,2,2,2,3,4,3,2,2,3,2,2,2,2,4,2,2,2,2,2,5
34,2,3,3,3,5,3,4,3,4,5,3,3,4,4,5,3,4,4,3,4,3,4,4,4,5,4,4,3,3,5,4,5,3,4,5,3,3,5,3,5,4,3,4,2,2,3,3,3,3,5,3,4,5,3,3,3,4,3,4,3,3,3,5,3,4,4,4,2,2,4,3,5,3,4,5,5,3,3,3,3,5,4,3,3,4,3,2,4,3,3,4,3,3,2,4,3,3,1,2,3,5,4,4,3,4,2,2,3,5,3,2,2,2,5,4,4,3,3,3,4,3,2,3,5,4,3,2,2,3,5
35,2,2,4,2,2,2,4,4,3,4,4,5,5,3,2,3,3,2,3,5,4,5,2,4,2,5,4,3,4,3,3,3,3,3,3,3,4,3,4,4,4,5,3,3,3,3,3,3,3,5,3,4,3,3,4,3,3,3,5,4,3,3,5,5,5,3,3,3,4,5,3,3,3,3,3,3,4,4,4,2,2,3,4,3,3,5,5,3,2,3,4,3,3,3,4,3,3,4,4,3,3,4,4,4,3,3,4,3,3,3,3,4,4,4,2,2,4,3,2,3,4,4,3,3,4,4,3,3,3,4
36,3,3,4,4,5,4,3,3,3,4,2,4,5,4,4,4,5,5,4,5,4,3,2,4,3,2,5,3,3,4,3,4,3,4,3,3,4,3,3,3,3,4,4,3,4,3,4,4,4,3,3,3,3,4,4,4,4,5,5,3,3,2,5,4,5,3,4,3,4,4,3,3,3,4,3,3,5,5,4,3,4,3,4,3,4,4,3,4,3,4,3,5,4,3,4,3,3,3,3,4,3,4,3,3,3,4,5,4,3,2,4,5,3,4,3,4,4,4,4,3,3,3,1,3,4,4,2,4,5,5
37,2,4,3,3,5,3,2,4,3,4,4,4,5,3,3,2,4,2,4,4,2,3,3,4,3,2,5,2,3,2,2,2,4,3,4,4,3,4,4,4,3,3,3,2,2,3,5,3,2,5,2,3,2,2,3,2,4,2,5,3,4,2,4,2,2,4,4,2,2,4,3,2,3,3,4,3,5,4,3,4,3,2,4,3,3,3,2,4,4,4,4,3,3,3,5,3,3,3,2,4,2,4,4,3,4,2,5,2,3,2,3,4,3,5,4,3,5,3,3,3,5,3,3,4,5,5,2,3,3,5
38,3,3,3,3,3,3,3,1,1,3,1,2,3,3,4,3,3,4,4,3,3,3,3,3,3,2,3,4,3,4,4,3,3,3,3,2,2,2,3,3,3,3,3,2,3,3,3,3,3,3,3,3,3,4,3,3,2,2,3,2,2,2,3,2,3,3,3,2,2,2,2,3,3,3,3,2,3,3,2,2,2,3,3,3,3,3,2,4,3,3,3,2,2,2,3,2,2,3,3,3,3,4,3,3,3,3,3,3,3,3,3,3,3,3,3,3,3,3,3,3,3,3,4,4,3,3,2,3,2,3
39,4,4,5,4,3,4,5,3,3,4,3,4,5,4,4,4,4,5,4,4,3,5,3,4,4,4,4,3,4,3,4,3,3,4,5,4,4,5,4,5,4,5,5,3,4,4,4,5,4,5,3,3,3,3,3,3,5,4,5,4,5,4,4,4,5,5,5,5,4,5,3,3,3,4,5,5,3,5,3,4,4,4,4,3,4,5,4,4,4,4,3,4,3,3,5,4,5,3,4,5,4,3,3,3,4,3,3,4,5,5,4,4,4,4,4,4,5,4,3,3,4,4,4,5,5,5,3,3,4,5
40,3,5,4,4,4,4,4,3,3,3,3,3,4,4,4,2,4,5,4,4,3,4,3,4,3,4,4,3,4,3,4,3,4,5,5,5,4,3,5,4,4,3,5,5,5,4,3,5,4,5,3,5,4,5,3,5,4,3,5,3,3,5,4,4,5,3,5,3,4,5,4,3,3,5,4,5,3,4,5,3,5,3,4,5,3,4,5,3,4,5,3,5,4,3,5,4,4,3,5,3,5,3,4,3,5,4,5,3,5,3,5,4,3,4,5,3,5,4,3,5,4,5,4,3,5,4,5,3,4,5
41,3,4,4,4,4,4,3,4,3,4,3,3,4,4,4,3,4,4,4,4,3,4,4,4,4,3,3,3,3,4,4,3,3,3,3,4,3,4,3,4,3,3,3,3,4,4,4,3,3,4,3,4,4,3,3,3,4,4,4,3,4,3,4,3,3,4,3,3,3,4,3,3,3,4,4,3,3,4,3,3,3,4,3,3,4,4,3,3,3,3,3,3,3,3,4,3,4,3,3,4,3,4,3,3,4,3,3,3,4,4,3,3,3,4,4,4,4,4,3,3,4,3,3,3,4,4,3,3,3,4
42,3,3,3,4,4,4,4,4,3,4,5,4,4,3,5,2,4,4,5,5,5,5,5,5,5,5,5,2,1,5,5,3,3,5,5,4,3,4,5,5,5,5,3,2,3,4,3,4,3,5,3,4,5,5,4,4,5,4,5,1,3,4,5,5,5,3,4,3,3,5,5,5,5,2,3,3,4,5,5,3,5,5,4,3,5,5,3,3,3,2,2,3,3,5,5,5,1,1,5,5,5,5,5,2,3,3,4,4,4,5,5,4,5,4,5,5,4,5,4,3,5,5,3,5,5,5,3,3,5,5
43,1,1,4,2,2,2,3,4,3,2,2,2,4,3,2,1,1,2,2,5,4,5,4,4,5,2,4,1,1,3,2,4,1,1,2,2,1,1,1,5,1,3,2,1,4,2,2,2,1,5,1,3,1,1,1,1,1,1,5,1,1,4,1,1,4,1,1,1,1,5,1,1,1,1,1,1,1,5,5,1,5,4,1,3,1,5,3,1,1,1,1,1,1,4,5,1,1,1,2,4,1,1,1,1,1,1,3,1,1,3,3,3,4,4,4,1,4,1,1,1,5,1,1,1,1,5,1,1,1,5
44,1,1,5,5,1,3,3,3,1,4,1,3,4,3,5,1,1,5,4,5,3,3,3,3,3,5,4,3,3,2,4,3,3,5,5,1,1,1,5,3,5,3,5,1,1,5,3,5,3,5,3,3,3,3,3,3,1,3,5,5,3,3,3,5,4,3,4,4,5,5,3,3,3,3,5,3,3,4,3,3,3,3,5,3,3,4,3,5,4,4,5,5,3,3,4,3,5,1,5,5,4,2,3,1,5,3,3,4,4,3,4,3,3,2,3,3,5,3,3,3,5,1,3,4,3,4,3,4,5,5
45,1,5,5,4,5,3,3,4,1,5,2,3,5,5,4,1,5,1,3,5,4,3,4,5,5,1,5,5,1,3,5,4,4,5,5,5,1,5,1,5,5,5,5,3,5,4,5,1,1,5,5,5,5,5,4,1,5,4,5,4,5,4,4,3,5,5,5,4,1,5,2,5,1,5,5,3,5,3,4,5,5,4,4,2,5,5,4,5,5,5,2,5,5,3,5,5,4,1,1,5,5,3,2,1,5,3,4,4,5,5,5,3,4,5,4,4,1,5,3,4,1,3,4,2,5,5,3,4,1,5
46,4,4,3,3,4,2,4,4,3,5,5,4,4,4,4,4,3,4,4,3,1,3,4,3,5,4,3,3,4,5,4,4,4,5,3,4,3,4,3,3,3,4,5,2,5,4,2,4,5,2,4,3,3,4,5,5,3,2,3,2,4,2,4,4,4,3,4,3,4,3,5,3,3,4,4,5,3,3,4,2,4,4,3,2,4,4,3,5,4,3,3,4,4,4,3,4,3,4,3,4,5,3,4,3,4,3,4,3,4,5,4,4,3,3,3,4,4,3,4,2,4,4,3,3,3,3,5,4,4,3
47,5,5,4,2,2,4,5,5,5,4,4,3,2,3,5,5,5,5,5,4,3,4,4,5,5,5,4,3,3,5,4,4,3,2,4,5,3,3,2,3,4,4,5,4,3,3,3,4,4,3,4,4,4,4,4,3,4,3,3,3,4,4,3,2,3,4,4,3,3,4,4,4,3,3,3,3,3,3,3,4,3,3,4,4,3,4,3,3,4,4,3,3,3,4,4,4,4,4,3,3,3,4,3,4,3,3,4,4,4,3,3,4,4,4,4,3,3,3,4,4,4,4,4,3,4,3,4,4,4,4
48,3,3,3,3,3,3,2,2,3,3,4,4,5,3,3,2,3,4,3,4,2,4,4,4,3,2,5,4,3,3,3,4,2,4,4,3,3,4,2,5,4,5,3,3,3,3,4,4,4,4,1,2,4,4,4,1,5,2,5,3,3,3,5,5,4,4,3,3,2,4,3,3,2,3,4,2,5,5,3,3,4,4,4,2,4,5,4,4,4,4,4,4,3,1,5,3,3,1,3,4,5,1,5,1,2,3,5,3,4,3,3,5,5,5,4,4,2,4,3,3,5,4,3,2,5,5,1,2,3,5
49,4,4,4,3,3,3,4,2,1,3,3,3,4,4,4,4,4,3,3,3,3,3,4,4,4,3,2,3,3,4,4,3,2,2,3,4,2,3,1,3,3,3,4,1,3,3,3,3,2,3,3,3,3,3,3,3,4,2,4,3,4,4,3,3,2,3,4,4,2,4,2,1,1,3,3,2,3,3,3,3,4,4,3,3,4,3,3,4,3,4,3,3,4,2,3,3,3,1,3,3,3,3,2,1,4,1,2,3,4,4,2,3,3,3,4,3,3,3,3,2,3,4,3,4,4,3,3,3,4,4
50,5,5,5,5,4,3,2,3,4,3,5,3,2,3,2,4,4,3,4,4,2,3,5,2,4,4,4,3,3,3,2,2,3,4,3,4,5,3,3,3,3,2,4,2,4,4,4,4,3,1,2,3,4,3,2,4,2,3,3,3,3,2,2,3,4,2,2,3,4,3,4,4,3,2,4,4,4,3,2,4,3,4,4,3,1,1,3,3,3,4,3,5,3,2,1,5,2,2,1,3,4,3,3,2,4,2,2,4,5,3,3,2,1,4,4,3,3,1,3,4,5,4,3,3,1,2,4,2,4,3
51,2,4,4,3,2,5,5,4,1,4,5,2,3,4,2,1,3,1,4,2,5,2,4,4,5,2,4,4,2,4,4,3,5,4,4,3,2,4,2,1,3,3,4,5,4,4,4,2,2,4,5,4,5,5,4,4,5,5,3,3,3,3,5,2,4,2,4,4,2,4,5,5,3,4,4,5,4,2,2,5,5,4,2,3,4,5,5,5,4,4,4,4,4,5,3,3,2,1,2,3,5,5,2,1,4,4,3,3,4,2,5,5,3,5,4,3,2,3,5,5,2,5,3,4,3,4,5,4,4,5
52,4,4,3,3,5,5,4,4,3,4,5,4,4,4,5,4,4,3,5,5,5,4,4,4,5,4,4,3,4,5,5,4,4,3,5,4,3,4,4,5,4,3,5,5,4,4,4,4,4,3,5,4,5,5,4,4,3,5,4,5,4,4,4,3,3,4,3,3,3,3,4,5,4,3,5,4,5,4,4,5,4,4,4,4,4,4,4,3,3,3,3,4,3,3,4,4,3,3,4,4,5,5,4,3,4,5,5,5,5,4,4,5,4,5,4,3,4,3,4,5,4,5,4,4,3,4,4,3,4,4
53,3,4,4,4,4,4,3,3,3,4,4,4,4,4,4,3,4,4,4,4,4,4,3,4,4,4,4,3,3,3,4,4,3,4,4,5,2,5,4,4,4,3,4,2,3,5,3,3,4,4,4,4,4,4,4,4,4,4,4,3,3,3,5,4,5,5,3,4,3,4,3,3,3,3,5,3,2,3,3,3,3,4,3,3,3,5,5,5,5,5,5,4,3,5,4,3,5,5,5,3,3,3,3,3,5,3,4,5,5,4,3,4,3,4,3,5,3,3,2,4,3,4,5,5,4,4,3,4,4,4
54,3,2,3,3,3,3,3,3,3,3,3,4,5,3,3,1,3,4,3,4,1,3,3,1,4,1,4,1,1,3,1,3,2,4,4,4,4,4,3,4,1,4,3,1,1,1,3,2,2,5,1,3,2,4,4,1,1,1,4,1,1,1,4,4,4,1,1,1,2,4,3,3,4,1,4,1,1,4,4,1,4,1,1,1,1,5,3,4,3,3,3,3,2,2,4,2,1,1,1,4,4,4,3,2,2,1,3,3,3,3,2,3,1,3,5,3,3,1,4,1,1,1,1,4,3,4,2,3,4,1
55,1,1,1,1,1,1,1,1,1,1,1,1,1,1,1,1,1,1,1,1,1,1,1,1,1,1,1,1,1,1,1,1,1,1,1,1,1,1,1,1,1,1,1,1,1,1,1,1,1,1,1,1,1,1,1,1,1,1,1,1,1,1,1,1,1,1,1,1,1,1,1,1,1,1,1,1,1,1,1,1,1,1,1,1,1,1,1,1,1,1,1,1,1,1,1,1,1,1,1,1,1,1,1,1,1,1,1,1,1,1,1,1,1,1,1,1,1,1,1,1,1,1,1,1,1,1,1,1,1,1
56,2,3,3,2,4,3,3,4,1,4,4,5,5,4,4,1,4,4,4,4,4,4,3,4,3,4,5,4,4,3,3,2,3,5,4,3,5,3,3,5,5,5,3,1,3,3,4,4,3,5,1,4,3,4,4,3,3,2,5,3,2,4,5,5,5,3,4,4,5,4,1,2,2,4,4,2,4,4,4,3,4,4,5,4,4,5,3,4,4,4,4,3,4,4,4,3,3,1,3,4,4,4,4,1,4,3,5,3,4,3,5,4,3,5,4,3,4,3,4,2,5,2,3,1,4,5,2,4,4,5
57,2,3,3,4,4,4,2,4,2,3,4,5,4,4,3,1,2,3,4,4,5,4,4,2,4,5,4,4,5,3,2,2,2,3,3,2,3,4,3,5,5,4,3,4,2,4,3,2,2,5,3,4,4,4,3,4,1,2,3,4,2,2,5,5,4,2,2,5,5,5,3,5,5,3,4,2,2,5,5,4,3,2,5,3,2,5,4,5,2,3,2,2,4,4,4,2,2,3,3,3,4,5,5,2,3,4,4,3,5,3,5,5,5,5,2,2,4,2,5,5,5,2,3,2,4,3,3,4,3,2
58,4,2,3,2,2,3,2,3,1,4,4,5,5,5,5,5,3,4,3,4,4,2,2,4,3,4,4,4,2,3,3,4,4,3,4,3,3,3,4,4,3,3,3,4,3,3,3,3,4,5,4,5,4,4,3,2,5,4,4,3,4,3,4,4,4,5,4,3,4,4,5,5,5,3,2,3,4,4,4,4,4,4,4,3,3,3,4,3,3,3,3,3,2,3,4,2,4,1,4,4,3,4,4,1,4,4,4,3,4,4,4,5,3,4,5,3,4,2,4,3,3,4,3,4,4,3,4,3,3,4
59,3,4,4,4,4,4,4,5,3,3,3,3,3,3,4,4,3,4,4,3,3,3,3,3,3,4,4,4,3,3,3,3,3,4,3,4,3,3,3,4,3,4,3,4,4,4,3,4,3,4,4,4,4,4,4,2,3,4,4,4,4,3,3,3,3,3,3,3,4,3,4,4,4,4,4,4,5,4,3,4,3,3,4,4,2,3,4,3,3,4,4,4,4,3,3,3,3,4,4,4,4,4,4,4,3,3,3,3,3,4,5,4,4,4,3,3,3,2,5,3,5,5,4,4,3,4,3,4,2,4
60,3,2,3,4,4,3,4,2,2,4,1,1,3,2,5,1,4,4,1,4,1,3,4,2,3,2,2,3,3,2,1,2,1,2,5,3,1,5,1,3,3,1,3,1,2,5,5,1,3,3,3,3,5,4,2,5,4,1,2,2,5,1,4,1,1,5,3,3,1,2,1,4,4,4,4,5,1,1,1,2,5,3,1,1,4,5,1,1,5,5,1,1,2,1,1,1,2,1,1,1,4,4,1,1,4,1,1,2,3,5,1,1,1,3,1,5,1,1,4,4,3,1,1,4,2,1,1,1,1,2
61,3,4,3,4,4,3,4,5,3,5,3,4,3,5,3,4,3,3,3,4,5,4,4,5,4,4,3,3,4,3,4,3,3,3,3,4,3,4,3,3,3,4,5,5,5,4,5,5,5,5,3,3,3,3,3,4,5,4,4,5,3,5,4,5,4,5,5,5,4,5,4,5,4,5,5,4,4,4,5,3,4,5,4,5,5,3,5,5,3,5,4,5,3,3,3,5,4,2,4,5,3,5,4,2,4,4,4,5,4,4,5,5,4,5,4,4,4,4,5,3,4,4,3,4,5,4,5,5,3,3
62,1,4,3,3,5,3,4,3,3,5,4,3,4,4,1,1,3,3,4,4,4,3,3,4,4,3,3,2,3,4,4,3,3,4,4,4,2,3,4,4,3,4,4,3,4,2,3,3,2,5,3,4,4,4,4,3,4,4,4,3,4,4,3,3,3,4,4,3,3,4,3,3,3,4,5,4,3,3,3,4,5,4,4,4,4,4,3,4,4,4,5,4,4,3,4,4,3,4,3,4,5,4,4,3,4,3,3,4,3,3,4,3,4,5,4,4,4,3,3,4,3,2,3,2,5,4,4,3,4,3
63,3,5,5,5,5,3,4,4,2,5,3,4,4,4,5,2,5,5,4,4,4,4,4,5,4,4,4,2,4,4,4,4,3,5,5,5,3,3,4,4,3,4,4,4,5,4,4,4,4,5,4,5,5,4,4,5,4,4,4,4,5,5,3,4,5,5,4,3,4,5,4,3,2,4,5,4,4,5,5,4,5,5,4,3,5,5,4,5,5,4,4,4,5,4,5,4,5,2,5,5,5,4,4,2,5,4,4,4,5,5,4,4,5,5,5,5,4,5,2,4,5,3,3,5,5,5,4,5,4,5
64,2,3,3,4,5,3,3,4,3,3,4,3,3,3,4,2,3,3,3,4,4,3,3,5,4,2,3,2,3,4,3,3,4,4,5,3,3,4,3,3,2,4,3,5,3,4,3,3,2,4,3,4,4,4,4,3,5,3,5,2,3,3,5,3,4,4,4,3,3,5,3,4,5,4,4,4,4,3,4,5,5,4,3,2,5,5,3,3,3,3,4,3,4,3,4,1,4,3,4,3,5,5,3,2,3,3,3,3,5,4,3,5,3,4,3,5,3,3,2,4,3,3,3,4,4,4,4,3,3,5
65,2,4,4,2,3,2,1,4,1,3,3,2,5,5,2,1,4,4,3,5,2,3,3,5,4,2,4,1,3,4,2,1,1,4,4,4,1,3,3,4,2,3,3,1,4,2,5,2,1,5,2,3,3,3,1,2,4,2,5,2,4,5,4,1,2,3,4,1,2,5,1,2,1,4,3,4,3,3,1,2,5,1,3,2,4,5,2,3,3,3,2,3,2,1,4,2,2,2,1,5,5,2,1,1,3,1,2,2,4,2,4,3,3,2,5,2,2,1,1,1,4,3,1,2,5,5,1,2,5,4
66,2,4,4,2,5,4,5,5,1,3,2,2,5,4,5,3,4,4,3,5,2,1,5,1,5,3,5,2,4,5,5,4,5,4,3,3,3,3,2,2,2,2,3,1,5,1,5,1,4,5,5,5,5,4,5,2,5,5,5,2,4,5,3,1,3,4,5,4,1,5,5,5,2,4,1,5,4,5,4,5,2,4,1,2,4,5,5,3,4,5,2,2,5,3,5,1,5,1,5,5,1,1,2,1,3,2,5,2,5,5,5,2,1,5,5,5,5,5,2,1,5,3,5,1,5,5,1,1,4,5
67,3,3,4,3,3,5,3,3,3,4,3,3,4,5,3,4,3,4,4,4,3,3,4,3,4,3,4,5,4,3,3,3,3,4,3,3,4,3,3,4,4,3,4,2,3,3,3,3,4,4,3,3,3,4,3,4,3,3,4,3,3,3,4,3,4,3,3,5,4,4,4,4,3,3,4,4,4,3,2,3,4,3,4,4,3,4,4,3,3,4,4,4,4,2,4,3,3,3,4,4,4,3,4,4,4,2,2,3,3,3,5,4,4,4,4,3,3,3,3,3,3,2,3,3,3,4,2,4,4,3
68,4,4,3,2,4,2,4,5,3,4,2,3,5,3,2,1,3,3,3,3,4,4,4,5,5,5,5,3,2,3,5,5,3,4,5,4,2,3,3,3,3,2,2,2,3,3,4,2,2,4,4,3,5,3,3,3,3,3,4,4,4,4,4,3,3,3,3,2,3,4,3,5,1,4,4,2,3,4,3,4,4,3,3,2,4,5,3,4,4,3,3,3,4,3,5,2,3,3,3,4,3,4,2,3,4,3,3,3,2,3,3,4,3,4,3,4,3,3,2,2,3,2,3,2,4,4,3,3,3,4
69,3,3,4,3,4,3,2,3,3,3,2,3,3,3,4,2,2,3,3,3,3,3,3,3,3,3,3,3,3,3,3,3,3,3,3,3,3,3,3,3,3,3,3,3,3,3,3,3,3,3,3,3,3,3,3,3,3,3,3,3,3,3,3,3,3,3,3,3,3,3,2,3,2,3,3,3,3,3,3,3,3,3,3,3,3,2,2,3,2,3,3,3,3,2,3,2,2,2,3,3,3,3,3,2,3,3,3,2,2,3,3,3,2,3,3,3,2,3,3,3,3,2,3,3,2,3,3,3,3,3
70,4,4,3,3,5,3,2,2,3,4,3,3,4,4,4,2,3,4,5,5,3,3,5,3,3,2,4,5,3,5,3,2,2,3,3,4,3,5,2,4,4,3,3,3,3,3,3,3,2,5,3,5,3,4,4,3,4,3,5,4,4,4,5,3,2,3,3,4,3,3,5,3,3,3,4,3,5,3,3,3,4,5,3,5,5,3,3,5,4,4,5,5,5,3,5,3,4,2,3,3,5,3,3,2,5,3,3,5,4,3,3,3,3,3,5,3,2,4,5,1,2,4,5,2,4,2,3,3,2,1
71,3,3,4,2,2,4,3,3,2,3,3,4,4,4,3,3,4,4,4,5,1,4,3,4,3,3,4,3,3,3,4,3,3,4,3,2,3,3,3,5,4,5,3,2,3,3,3,3,4,5,3,3,3,3,4,2,4,3,5,4,3,3,5,3,4,2,4,3,2,5,2,2,3,1,2,2,4,5,5,3,4,4,4,3,5,5,3,3,3,4,4,3,4,2,5,3,3,1,2,5,5,4,5,2,3,2,4,4,2,2,3,5,4,5,2,2,4,2,2,3,5,4,4,2,5,5,2,2,2,5
72,3,4,3,4,5,3,3,3,3,4,3,4,4,5,5,3,3,4,3,4,3,4,3,4,3,4,4,3,3,3,4,3,4,5,4,3,3,4,4,4,4,4,3,4,4,5,4,4,3,3,3,3,3,4,4,4,3,4,3,3,4,3,4,4,3,3,3,4,3,4,3,3,4,3,3,4,3,4,3,3,3,4,3,3,4,4,3,4,3,4,3,3,3,4,3,4,3,3,3,4,4,4,3,4,3,4,4,4,3,3,4,4,4,3,3,3,4,4,3,3,4,4,4,4,4,3,3,4,3,4
73,2,4,3,3,4,3,4,3,2,3,2,3,5,3,3,2,2,2,3,5,3,3,2,4,3,3,5,3,2,2,3,3,3,3,3,3,2,3,3,4,3,4,3,3,3,2,3,3,3,4,2,2,2,2,3,3,3,4,4,3,3,4,4,3,3,2,4,3,3,3,2,3,2,4,3,3,4,3,4,2,3,3,4,3,4,5,3,3,3,3,4,3,3,3,5,3,2,1,3,4,4,3,2,2,3,3,3,3,3,3,3,4,2,4,2,2,4,2,2,3,4,3,3,3,5,5,3,3,3,3
74,5,4,5,2,4,3,5,4,3,3,4,4,4,4,3,3,3,3,4,5,4,3,5,4,5,2,4,3,3,4,4,3,5,4,3,4,3,2,1,4,3,4,3,5,3,3,4,3,3,5,3,4,3,5,4,1,2,5,5,2,3,4,5,2,4,3,5,3,2,4,5,3,3,4,2,4,3,3,5,3,5,3,3,3,3,4,4,3,3,3,3,3,3,4,5,2,1,1,1,5,5,4,3,1,3,4,3,3,2,2,4,4,3,5,4,3,2,2,4,4,3,5,3,2,5,5,5,3,3,4
75,3,3,4,4,4,3,3,3,3,3,3,3,4,3,4,4,3,4,3,4,3,4,3,4,4,3,4,3,3,3,4,3,3,4,2,3,4,2,3,5,5,5,5,2,2,4,3,3,3,4,3,3,3,3,3,3,2,4,5,3,3,4,3,3,4,3,3,3,3,5,3,3,3,3,4,4,4,3,3,3,4,4,4,3,5,5,4,4,5,4,5,3,4,4,5,3,3,4,1,4,3,3,4,3,3,2,4,3,4,2,3,4,3,4,4,3,3,3,3,3,3,3,3,3,3,3,3,3,3,3
76,4,4,4,4,5,4,2,2,1,3,3,4,4,4,5,1,4,3,4,5,3,3,2,4,3,2,4,2,3,2,4,3,4,4,4,4,4,4,4,4,4,4,4,3,5,3,4,4,3,4,3,3,3,4,4,4,4,4,4,4,4,4,4,4,4,4,4,4,3,4,3,3,4,4,3,3,3,4,4,4,3,4,3,3,4,4,4,4,3,3,4,3,3,4,4,4,3,4,4,4,4,3,4,4,3,4,4,3,3,4,3,4,3,4,3,3,3,3,4,3,4,2,4,4,4,4,3,3,2,4
77,5,3,4,4,4,4,3,1,3,4,3,3,4,3,5,3,4,4,5,5,4,4,3,1,2,1,4,1,1,2,2,2,1,1,3,3,2,3,1,5,4,5,4,1,3,3,4,4,4,5,2,3,1,3,3,4,1,1,5,3,3,3,5,3,3,3,3,3,4,2,3,4,1,2,1,1,1,5,1,3,4,3,3,3,3,3,3,3,3,3,2,2,5,1,4,5,5,3,1,5,2,2,4,4,2,2,3,3,3,3,2,3,4,5,4,3,3,3,2,1,3,5,4,1,4,4,2,3,4,5
78,3,4,4,2,4,4,3,4,3,4,5,3,5,3,4,3,4,4,4,5,5,4,5,5,4,4,5,2,3,4,4,3,3,4,4,4,4,4,3,5,3,4,3,3,3,3,3,4,4,5,3,5,4,5,4,3,3,3,5,3,3,2,4,4,4,3,4,3,4,5,4,5,3,3,5,3,5,4,3,4,5,4,4,2,4,4,4,4,4,3,4,4,3,4,5,4,3,3,4,4,4,4,4,3,3,4,4,4,3,4,3,5,3,4,4,4,4,3,5,3,5,4,3,3,4,4,2,3,3,2
79,3,3,4,2,5,3,2,3,3,3,3,2,3,4,4,4,4,3,3,4,2,3,4,4,4,2,3,1,2,4,3,3,2,3,4,4,4,4,2,3,3,3,3,2,1,4,2,4,3,2,2,3,2,3,2,2,1,3,2,2,4,2,2,1,1,2,2,1,1,3,2,2,2,1,3,3,2,2,3,2,1,3,1,3,2,2,3,3,2,3,3,3,1,3,1,2,3,2,2,3,2,2,2,3,2,2,2,3,2,2,3,2,1,2,3,2,2,3,3,2,3,2,3,4,1,1,3,2,1,2
80,2,3,4,2,4,3,3,2,3,3,2,3,2,3,3,1,3,3,3,4,3,4,3,4,4,2,1,2,2,4,3,2,3,3,3,4,1,4,2,4,2,2,2,2,2,4,3,3,3,5,3,4,3,4,2,1,3,3,2,3,3,3,3,3,4,3,4,2,2,4,3,3,2,3,4,3,2,2,4,3,3,3,3,2,4,2,2,2,3,2,2,2,4,2,3,3,3,1,1,4,3,3,3,1,3,1,1,2,4,3,4,4,3,4,4,4,2,3,2,2,2,1,3,2,4,3,2,2,3,4
81,4,2,2,2,3,2,3,5,2,3,3,3,4,4,4,2,4,3,3,2,2,2,2,2,2,2,2,2,2,2,2,2,2,2,2,2,2,2,2,2,2,3,3,3,3,3,3,4,4,4,4,3,3,3,3,3,3,3,3,2,2,2,2,3,2,2,3,3,3,3,3,3,3,3,3,3,3,3,3,3,3,3,4,2,4,4,4,3,3,3,4,3,1,1,2,4,2,3,2,4,2,4,4,2,3,4,3,2,2,2,2,3,4,4,3,3,3,3,3,3,3,3,2,2,2,3,3,3,3,3
82,4,3,4,3,5,4,3,3,3,3,4,3,4,4,2,2,3,4,5,4,3,5,3,4,4,5,3,4,3,4,3,4,4,4,5,4,2,3,3,4,4,3,3,2,2,4,3,3,3,4,3,3,4,3,4,3,2,3,2,3,3,3,5,3,4,3,3,3,3,4,3,3,3,4,4,3,3,3,2,2,4,3,3,3,3,4,3,4,3,3,3,3,2,2,4,3,3,2,4,3,4,4,3,2,4,2,2,2,4,3,3,4,2,4,3,4,4,3,4,4,4,2,3,4,3,3,2,4,3,4
83,3,5,4,5,5,4,4,4,4,4,4,4,5,3,5,5,5,5,5,5,5,5,5,5,5,5,5,5,5,5,5,5,5,5,5,5,5,5,5,5,5,5,5,5,5,5,5,5,5,5,5,5,5,5,5,5,5,5,5,5,5,5,3,5,3,5,5,5,3,5,3,5,3,4,4,4,4,3,3,4,4,4,4,5,5,5,5,5,5,5,5,5,5,4,4,3,3,4,3,4,4,4,3,4,5,4,4,4,4,4,4,4,3,3,3,4,3,4,3,4,4,3,4,3,3,4,4,3,4,3
84,3,2,5,2,3,2,3,4,4,2,2,4,5,4,4,2,3,5,3,5,2,5,3,4,3,4,5,3,5,3,3,4,3,4,3,1,1,1,3,4,4,4,3,4,3,3,4,3,4,3,3,4,4,4,4,3,3,4,4,3,3,2,3,3,3,5,3,3,2,4,3,4,3,3,4,3,3,3,3,3,3,5,4,3,4,4,5,3,4,3,4,3,3,3,2,4,4,3,3,3,3,3,3,3,3,3,4,3,4,4,4,4,4,4,4,3,3,4,4,3,3,3,4,4,3,3,3,3,3,4
85,3,4,3,3,5,3,3,3,5,3,3,3,5,3,3,3,3,3,3,3,3,4,3,4,3,4,3,3,3,3,4,4,4,4,4,3,4,4,3,3,4,4,3,2,3,4,3,3,4,4,4,3,4,3,3,5,4,4,3,3,3,3,3,3,3,3,3,3,3,4,4,3,3,3,3,3,3,3,4,3,3,3,3,3,3,5,4,4,3,3,4,4,3,3,3,3,4,5,3,4,3,3,3,4,4,4,4,5,5,3,4,4,4,3,3,5,5,3,3,3,4,4,3,3,3,3,3,3,3,4
86,1,4,2,2,4,3,2,1,3,2,3,1,5,1,3,1,2,3,3,5,2,5,1,4,2,1,5,1,1,4,3,1,1,2,2,3,3,4,3,5,3,4,3,1,2,4,2,4,3,5,2,4,3,3,2,3,2,2,5,3,3,2,4,2,4,2,4,2,1,4,3,3,1,3,5,1,3,3,4,2,2,3,3,1,4,4,1,3,3,2,1,1,5,1,5,3,1,2,2,5,5,2,5,2,2,1,5,2,5,3,3,3,4,4,4,3,4,2,2,1,4,2,1,3,4,5,2,1,3,3
87,3,4,3,4,4,3,4,4,3,4,3,3,4,3,4,3,4,4,3,4,4,3,4,4,4,4,3,3,3,3,4,3,3,3,4,3,3,3,3,3,3,3,4,3,4,3,3,3,3,3,3,3,3,3,3,3,3,4,4,3,4,4,3,3,3,4,4,3,3,3,3,4,3,3,3,3,3,3,3,3,3,3,3,3,3,3,3,3,3,3,3,3,3,4,3,3,3,3,3,3,3,3,3,3,3,3,3,3,3,5,3,4,3,3,3,4,3,3,3,3,3,3,3,3,3,3,3,3,3,4
88,4,3,4,5,5,3,2,3,5,4,5,4,3,4,3,4,3,2,3,2,3,2,5,5,5,4,3,3,3,5,5,5,5,5,5,5,5,5,3,5,4,2,4,3,2,2,5,3,3,4,3,4,4,3,4,4,5,3,4,2,2,4,4,4,4,4,5,3,4,2,2,3,2,5,3,3,3,4,3,2,2,3,2,3,2,2,3,2,3,4,4,3,3,4,3,3,4,4,1,3,5,4,4,4,4,3,5,5,4,3,1,2,3,2,3,3,3,4,4,3,3,3,3,5,3,2,2,2,2,2
89,3,4,3,3,5,3,2,3,2,3,4,2,4,4,5,3,4,4,3,4,1,3,2,5,4,2,4,1,2,2,3,3,2,3,5,3,3,5,2,4,2,3,4,2,3,3,3,2,3,5,3,2,3,3,4,2,3,2,4,2,4,3,4,5,4,4,4,2,2,4,2,2,4,5,5,3,4,4,2,3,3,5,3,2,4,4,3,3,4,3,3,3,3,3,4,4,2,4,3,3,4,2,4,3,3,2,3,4,5,5,3,4,3,4,2,5,2,5,3,3,3,3,3,4,4,4,3,3,4,5
90,4,4,5,4,5,3,3,3,1,4,3,3,4,4,4,3,3,4,3,5,2,4,3,3,4,4,4,3,3,4,4,5,3,4,5,5,3,5,4,5,4,5,3,1,4,4,3,4,3,5,4,4,5,4,4,4,5,1,4,4,4,3,4,3,5,4,4,3,3,4,1,3,3,3,5,3,3,5,4,3,4,4,4,3,3,5,4,4,4,4,4,3,5,3,5,3,4,3,4,5,5,3,3,3,4,1,3,3,5,4,3,5,4,5,5,4,4,4,4,3,3,3,3,4,4,5,1,3,4,5
91,1,3,3,4,3,3,3,4,3,3,2,4,4,3,3,2,2,3,2,4,5,2,3,3,3,4,4,1,1,4,3,3,3,3,4,1,1,1,4,4,3,1,2,2,2,1,1,4,2,5,3,3,3,4,2,2,1,3,4,3,3,2,4,5,3,3,3,4,5,3,4,4,3,2,2,2,2,5,1,1,3,3,4,1,2,4,2,2,3,2,5,4,2,5,2,2,2,1,4,2,3,5,2,1,1,2,2,2,2,2,2,5,3,5,4,1,4,1,4,2,2,2,1,4,2,2,2,1,2,4
92,1,4,4,5,4,4,4,3,5,3,1,1,3,2,5,1,5,3,5,4,1,4,5,3,3,1,2,4,1,3,3,2,2,4,3,4,1,5,1,4,3,3,2,2,3,5,3,1,3,4,4,4,4,5,3,5,4,4,3,4,4,4,4,1,4,4,4,2,1,4,4,2,2,4,5,4,3,3,3,3,4,4,4,4,4,3,3,4,4,4,3,3,4,2,2,3,3,5,3,4,2,3,3,5,4,1,2,4,5,3,3,3,2,2,4,5,3,3,3,3,3,3,4,5,4,3,3,3,2,5
93,3,3,3,3,3,3,3,3,3,3,3,3,3,3,3,3,3,3,3,3,3,3,3,3,3,3,3,3,3,3,3,3,3,3,3,3,3,3,3,3,3,3,3,3,3,3,3,3,3,3,3,3,3,3,3,3,3,3,3,3,3,3,3,3,3,3,3,3,3,3,3,3,3,3,3,3,3,3,3,3,3,3,3,3,3,3,3,3,3,3,3,3,3,3,3,3,3,3,3,3,3,3,3,3,3,3,3,3,3,3,3,3,3,3,3,3,3,3,3,3,3,3,3,3,3,3,3,3,3,3
94,3,3,3,2,3,2,3,3,3,3,3,3,3,3,3,2,3,4,3,4,3,3,3,4,3,2,3,2,2,3,3,3,3,3,4,3,2,3,2,4,3,2,3,3,3,3,3,3,3,4,2,3,3,3,3,3,3,3,3,3,3,3,3,3,3,3,3,3,3,3,3,3,3,3,3,3,3,3,3,3,3,3,3,4,2,3,2,3,3,4,3,3,3,3,3,4,4,4,4,4,4,3,3,3,3,3,3,3,4,4,4,4,4,4,4,3,3,3,3,3,3,3,3,4,4,3,3,3,3,3
95,3,3,4,4,4,3,3,4,3,4,4,4,4,4,4,2,3,4,3,4,3,3,3,3,3,4,3,3,3,3,3,4,3,4,4,3,3,3,3,4,4,3,4,3,3,3,4,3,3,4,3,4,3,3,3,3,4,3,4,4,3,3,4,3,4,3,4,3,3,3,3,4,2,3,4,3,3,4,4,3,4,3,4,3,4,4,4,4,3,3,2,3,3,3,3,3,3,1,3,3,4,3,4,1,3,3,3,3,3,3,3,2,2,3,3,3,3,2,3,3,4,2,4,2,3,3,3,3,3,4
96,4,3,2,2,5,2,3,3,3,3,3,3,4,3,3,3,3,3,3,4,3,3,3,2,4,4,4,2,2,3,4,3,3,3,4,3,2,3,3,2,3,3,3,4,2,2,3,3,2,4,3,4,4,3,3,2,3,2,4,2,4,3,4,3,1,3,4,1,3,3,4,5,3,3,5,2,4,2,4,3,4,4,4,4,3,3,3,3,2,3,3,3,2,2,2,2,2,2,2,2,2,2,3,3,3,3,3,3,3,1,4,3,3,3,3,3,3,4,4,3,2,4,2,2,3,3,3,3,3,3
97,3,4,5,5,5,4,3,3,3,4,3,3,5,4,4,1,4,4,4,5,4,5,3,4,3,4,5,3,3,3,4,3,3,4,4,4,4,4,4,5,4,5,5,3,4,5,4,3,3,5,3,3,4,3,4,4,4,3,5,4,5,5,4,4,5,5,5,4,3,4,3,3,3,4,5,3,5,4,5,3,4,5,4,3,4,5,5,4,4,4,4,4,4,4,5,5,5,3,4,5,4,4,4,4,4,3,5,4,5,5,3,4,5,5,4,5,5,5,3,3,5,4,3,4,5,5,3,4,3,5
98,4,3,5,4,5,3,5,3,2,4,2,4,5,4,3,1,3,3,4,5,3,3,3,4,3,3,5,4,3,3,4,3,3,4,4,4,2,4,3,5,4,4,3,2,4,3,4,2,3,5,3,3,5,3,3,3,3,3,5,4,4,5,4,3,5,3,5,4,3,3,3,2,2,4,5,4,5,4,5,3,5,4,3,3,4,4,4,3,3,3,4,3,3,2,4,4,3,2,3,3,4,3,3,2,4,3,5,3,3,3,3,3,3,4,3,4,3,4,3,2,3,2,4,4,4,5,3,3,3,3
99,3,2,5,4,3,1,4,3,3,4,4,2,4,3,4,1,4,5,1,3,5,3,3,4,4,3,4,1,2,4,5,5,4,5,4,4,1,3,3,3,3,1,4,5,3,3,4,4,4,4,5,3,4,5,3,2,3,4,5,2,3,4,3,3,4,4,5,3,3,4,4,1,2,3,4,3,2,3,3,4,4,4,3,1,5,5,5,4,2,2,4,1,2,1,3,2,3,2,3,5,5,4,3,3,1,3,2,2,4,5,3,4,3,4,3,3,2,1,3,3,2,3,2,4,2,4,3,3,3,5
100,4,4,4,3,5,4,3,4,3,4,4,3,4,3,4,3,3,4,4,5,4,3,4,5,4,3,5,3,3,3,4,4,3,4,4,4,3,4,3,4,4,4,4,3,3,4,4,3,3,5,4,3,3,3,4,4,5,3,5,3,4,4,5,3,4,4,3,3,3,4,3,2,3,4,3,3,4,3,4,3,3,4,3,3,4,4,3,4,4,4,3,4,3,3,4,4,4,2,3,4,3,3,3,3,4,4,4,3,3,3,3,3,3,4,4,4,3,4,3,3,3,3,3,3,4,4,3,3,3,4
101,5,5,1,5,5,5,5,5,5,5,5,1,4,3,5,1,4,1,5,3,5,3,5,5,5,1,4,5,1,5,5,2,5,4,5,5,5,5,1,1,3,1,3,5,3,5,3,4,3,5,5,2,3,4,3,5,1,4,2,4,5,5,5,2,3,3,4,5,5,2,5,5,5,5,5,4,5,5,5,4,4,5,5,4,4,5,5,5,5,5,5,5,5,5,5,5,5,5,5,5,5,5,5,5,5,5,5,5,5,5,5,5,5,5,5,5,5,5,5,5,5,5,5,5,5,5,5,5,5,1
102,4,4,5,5,4,5,3,3,3,4,4,4,4,5,4,3,4,4,5,4,2,4,4,5,5,4,3,4,3,5,4,5,4,5,4,4,3,4,4,5,5,5,4,5,4,3,5,3,4,5,4,5,5,5,5,3,4,5,4,4,4,3,5,3,5,4,4,5,4,5,4,5,4,3,3,3,4,4,4,4,5,5,4,5,4,4,5,3,4,4,4,4,4,4,4,3,3,3,4,5,5,5,4,3,4,3,3,4,3,4,5,3,3,5,5,3,4,3,5,3,4,4,4,3,5,4,3,4,4,5
103,5,4,4,1,4,3,3,3,2,3,4,4,5,3,1,4,3,2,3,4,4,2,3,3,4,4,4,2,2,4,3,3,2,2,3,3,2,2,3,3,2,4,4,5,3,3,3,4,3,4,2,2,4,3,3,3,3,3,3,3,3,3,5,1,1,2,5,2,2,3,3,5,3,3,3,3,3,3,3,3,3,4,2,3,3,3,3,3,3,3,4,3,4,3,4,2,2,2,2,2,2,2,2,2,2,4,2,2,2,2,5,5,3,5,3,3,3,3,3,3,3,4,2,4,4,4,2,2,3,3
104,3,4,5,3,5,5,4,4,3,5,4,4,5,5,3,3,3,4,5,5,3,3,5,4,5,5,5,5,1,5,5,5,5,4,5,5,3,5,5,5,5,5,5,3,3,5,4,4,4,5,4,4,4,5,5,5,5,5,5,5,5,5,5,3,4,1,4,5,5,5,4,4,4,4,4,5,5,5,5,5,4,4,3,3,4,4,3,4,4,5,3,3,3,5,5,5,5,5,4,5,5,5,5,3,5,4,4,4,4,3,3,5,5,5,5,4,4,4,4,4,4,4,4,4,4,4,5,4,5,5
105,2,3,4,1,4,3,2,2,2,4,2,3,1,3,3,3,3,4,3,4,2,2,2,3,2,1,2,3,3,2,2,4,3,3,2,4,1,2,2,3,2,3,3,4,2,1,3,3,3,2,3,3,3,4,2,2,4,3,4,2,2,3,2,3,2,2,2,2,2,3,3,2,4,3,2,2,2,3,4,4,3,3,3,4,3,2,4,3,4,3,3,2,4,2,2,2,2,3,4,2,2,2,2,3,3,3,2,3,4,2,3,4,3,3,3,2,4,2,2,3,4,3,2,2,4,3,3,3,3,5
106,3,1,3,3,2,3,5,2,4,5,3,3,2,4,3,4,1,4,3,4,4,2,3,4,3,4,4,4,5,5,2,2,3,3,5,4,2,2,4,5,4,4,5,3,3,3,3,5,5,5,4,3,2,1,5,3,5,2,4,3,5,4,2,3,3,5,2,3,4,4,3,3,3,4,4,4,5,1,4,3,5,5,2,5,5,4,3,5,3,2,5,3,2,4,4,3,5,4,3,4,4,5,2,4,3,4,4,2,3,4,4,4,3,3,4,4,5,3,4,4,2,1,2,5,4,3,3,4,3,2
107,4,5,5,4,5,4,4,4,3,5,3,4,4,4,4,1,5,5,4,5,3,4,4,5,4,3,3,3,3,3,5,3,3,5,5,5,4,5,3,5,5,4,4,2,3,4,5,4,3,5,5,4,5,5,5,4,4,4,4,4,5,5,5,4,5,5,5,4,5,5,4,3,3,4,5,4,2,4,5,4,5,5,5,3,5,5,4,5,5,4,4,5,5,3,5,4,5,3,5,5,5,3,3,2,5,3,3,5,5,5,5,5,5,4,4,5,4,5,4,2,3,4,4,5,5,5,3,4,4,5
108,3,4,3,4,4,3,3,3,3,4,3,2,5,4,4,3,4,4,2,5,4,4,4,4,5,1,4,3,2,4,4,3,3,5,5,5,3,5,2,5,5,4,4,4,3,3,4,2,4,5,4,5,4,5,5,3,5,4,5,3,5,4,4,4,5,5,5,4,2,4,5,4,3,4,5,4,4,3,4,3,5,4,4,3,5,5,4,5,5,5,4,4,5,4,5,4,5,1,2,5,5,2,5,4,5,4,3,5,5,5,4,4,3,5,5,5,3,5,3,3,5,4,4,5,4,5,3,3,3,5
109,4,4,4,2,3,2,3,2,3,3,2,2,1,2,4,1,3,2,2,4,3,3,4,4,3,1,3,2,1,5,4,3,5,4,5,3,2,4,1,5,4,4,3,3,3,3,3,3,4,5,4,5,2,5,4,5,2,4,4,3,3,4,5,2,4,4,3,3,1,4,5,4,2,2,3,4,4,2,4,4,5,3,4,3,4,5,4,3,3,3,4,3,4,5,3,3,2,1,2,4,5,3,3,1,3,2,4,3,5,3,3,5,3,3,5,4,2,4,4,2,1,4,3,4,4,5,3,3,2,4
110,3,3,4,3,3,3,3,4,3,4,4,4,3,4,3,3,3,3,4,4,3,4,5,3,5,4,3,3,3,5,3,4,4,4,3,3,4,3,3,5,4,4,4,5,3,3,4,3,3,5,3,5,4,5,4,3,3,3,5,3,3,3,3,4,5,3,3,4,4,5,5,5,5,3,3,3,3,5,5,5,5,3,4,3,3,3,5,3,3,3,5,3,4,3,5,3,3,3,3,5,5,5,5,3,3,3,3,4,3,3,3,4,3,5,5,3,5,3,5,3,5,3,3,3,5,5,3,3,3,3
111,2,3,4,4,3,3,4,2,2,4,4,2,4,3,4,1,3,5,3,4,1,4,4,4,3,1,3,2,3,5,4,2,3,4,2,4,3,5,2,4,4,3,3,2,3,4,4,2,2,4,4,5,4,5,3,3,3,2,4,2,4,3,4,3,4,2,3,2,2,4,4,4,2,3,5,2,2,3,4,2,5,3,4,2,3,3,2,4,4,2,2,2,5,1,3,2,3,2,2,4,5,3,2,1,4,1,1,3,2,4,2,3,3,4,4,4,2,3,2,2,4,2,3,1,3,3,2,3,3,5
112,3,3,4,4,2,3,2,2,3,4,4,3,4,4,3,2,3,4,2,5,2,5,2,3,2,3,3,3,2,3,3,4,4,2,2,2,2,2,3,4,2,3,2,2,2,1,3,2,2,3,3,3,2,4,5,4,1,4,4,4,3,4,5,4,2,5,3,4,3,1,2,1,2,3,4,4,1,5,5,5,2,4,5,4,5,2,2,5,3,1,2,2,2,3,1,4,4,2,4,5,5,2,3,5,2,2,4,5,1,4,5,2,4,5,2,2,2,2,2,4,3,3,3,3,2,5,2,4,1,5
113,4,4,4,5,4,3,3,4,3,3,3,3,4,3,4,3,4,3,3,4,3,3,4,4,4,3,5,3,3,4,4,3,3,3,4,3,3,4,3,3,4,3,3,4,3,4,4,3,4,5,3,3,3,3,3,3,3,4,4,4,4,3,4,4,3,4,3,3,3,3,3,3,3,3,4,3,4,3,4,4,3,3,3,3,4,4,3,4,4,3,3,4,4,3,4,3,4,3,3,4,3,3,3,3,4,3,4,4,4,4,3,3,3,4,4,4,3,4,3,3,3,3,3,4,4,4,3,3,3,4
114,3,4,3,3,4,3,4,3,1,2,3,3,4,3,4,1,4,4,3,4,4,4,5,4,4,2,4,2,1,4,3,3,3,3,4,3,1,4,1,3,3,4,4,2,4,3,3,3,1,4,2,5,4,5,3,1,4,4,4,1,4,3,4,2,4,5,3,1,1,3,4,4,1,3,4,3,4,2,4,3,5,4,3,3,3,4,3,3,3,3,3,2,3,2,4,3,3,1,1,4,5,4,4,1,3,2,4,3,4,4,2,4,1,3,2,3,2,4,3,2,2,2,2,4,4,4,3,2,1,4
115,4,5,4,3,5,4,3,3,4,4,3,3,4,3,5,2,4,5,3,4,2,4,3,4,4,3,4,2,2,3,3,3,2,4,3,4,2,3,3,4,3,3,3,2,3,3,4,4,2,5,3,3,4,4,2,3,4,3,4,3,4,4,4,4,4,4,4,2,3,4,3,4,3,4,4,3,3,4,4,3,4,3,4,2,4,4,3,4,3,3,4,4,4,2,4,3,3,3,3,4,3,3,3,3,3,2,3,4,4,4,3,4,3,4,3,4,3,3,3,2,4,3,3,4,4,4,2,3,3,4
116,3,4,3,2,3,3,4,4,3,3,3,4,5,3,2,1,3,4,2,5,5,5,3,4,3,4,5,3,2,3,3,3,3,3,3,4,1,3,4,5,3,3,3,3,4,3,4,4,3,5,3,3,4,4,2,1,5,5,5,4,4,3,4,3,4,3,4,2,3,4,3,3,2,5,4,3,4,5,4,4,4,4,4,2,4,5,4,2,4,4,3,3,3,4,4,4,3,2,4,5,4,3,3,3,3,3,3,3,4,3,3,5,4,4,3,3,4,4,3,3,4,3,3,4,5,4,5,2,4,5
117,4,3,2,2,3,2,5,5,1,2,4,5,5,4,5,1,4,4,4,4,1,5,5,5,4,4,5,4,3,4,4,2,5,2,4,4,2,5,4,5,4,5,4,5,1,2,4,5,2,4,2,5,4,4,2,2,2,4,4,5,4,4,5,4,5,4,3,2,2,4,4,4,4,1,4,4,2,5,5,4,4,4,5,2,2,5,1,4,2,4,4,2,4,2,5,2,2,1,4,4,5,2,4,1,2,2,4,4,5,4,2,4,4,4,4,1,2,2,4,5,4,4,2,5,4,5,4,2,3,5
118,1,4,5,5,5,2,4,3,1,3,2,1,3,3,4,1,4,5,2,4,3,3,4,4,4,3,3,1,3,4,3,3,1,4,4,4,1,3,3,3,2,3,3,1,3,1,3,3,2,5,3,4,3,4,2,1,3,2,4,3,3,3,3,2,4,4,4,2,2,4,2,4,2,3,5,3,2,3,3,4,4,4,4,1,4,4,3,4,3,3,2,3,4,1,3,3,4,1,2,5,5,3,2,1,3,2,2,2,4,4,1,3,3,5,5,4,4,3,3,3,3,1,1,4,5,3,2,2,3,5
119,4,4,5,5,3,3,4,3,3,4,3,2,5,3,5,1,3,5,5,5,4,5,4,4,4,5,2,5,3,5,5,3,3,4,1,4,2,4,4,1,1,1,4,3,3,4,3,5,4,4,3,4,5,4,5,3,5,4,2,4,4,4,4,4,4,4,5,5,2,4,3,3,3,2,4,3,5,5,4,4,5,5,5,2,4,3,5,4,4,5,1,3,5,5,4,4,3,5,3,5,2,4,5,3,4,4,4,5,4,2,4,5,4,5,2,4,5,3,5,2,5,3,5,2,5,4,3,4,5,5
120,4,5,5,3,5,3,3,5,3,4,4,4,4,3,3,3,4,4,3,4,5,4,3,5,5,4,3,3,4,4,3,5,4,4,5,4,3,5,3,4,3,4,4,5,4,4,4,3,4,5,4,5,5,5,4,3,5,5,4,4,5,3,4,3,4,5,5,4,3,4,5,5,3,4,4,5,4,3,5,5,5,4,3,3,5,4,4,4,4,3,4,4,4,4,4,4,3,2,4,4,5,4,3,3,4,4,3,4,4,4,3,4,3,5,4,4,3,4,4,4,4,3,3,4,4,4,5,4,5,4
121,4,5,2,5,4,4,4,2,4,3,4,5,4,2,2,4,5,4,5,4,5,5,5,4,5,5,5,5,4,5,3,4,4,4,4,5,4,5,4,5,5,4,5,5,5,4,5,4,5,5,4,4,5,5,5,4,4,5,4,4,5,4,5,5,4,4,4,5,5,5,4,5,5,4,5,5,5,5,4,4,4,4,3,3,5,5,4,4,4,4,4,5,5,4,4,5,4,2,3,5,5,4,4,3,5,4,5,4,5,4,5,4,5,5,4,4,4,4,4,5,4,4,5,5,4,4,4,4,4,4
122,2,4,4,1,5,4,2,4,2,4,3,4,4,3,4,1,4,4,4,4,2,5,4,4,3,1,5,3,2,4,3,3,3,4,4,4,1,4,3,4,1,4,4,2,3,3,4,2,3,5,3,5,3,4,2,5,3,3,3,3,3,4,4,4,3,3,2,1,5,5,5,2,3,4,4,3,3,5,5,5,5,4,4,4,4,2,3,3,1,1,4,5,5,4,3,3,3,2,4,3,4,4,4,2,4,2,4,4,4,4,5,4,4,4,4,4,3,3,3,3,3,3,3,3,3,4,1,1,1,5
123,4,4,4,3,4,3,4,3,1,3,4,4,5,4,4,4,3,4,4,3,4,4,4,4,3,3,4,3,4,4,4,3,4,4,4,3,3,3,3,3,3,4,4,3,2,2,3,3,4,3,4,3,4,3,4,4,3,3,4,3,4,4,4,3,4,3,4,3,4,3,4,3,3,4,5,4,4,4,3,4,3,4,4,3,4,3,4,3,4,4,4,3,3,3,4,3,2,1,4,4,3,4,4,4,4,4,4,4,4,4,3,3,4,2,3,3,3,3,3,3,3,3,3,3,3,3,3,3,3,3
124,4,3,4,2,3,3,3,4,3,4,4,4,5,3,4,4,4,4,3,5,5,4,2,4,1,4,5,3,3,2,4,4,3,4,4,4,4,3,4,5,4,5,4,4,4,1,4,4,4,5,1,1,1,1,4,2,4,3,4,4,4,2,5,4,5,4,4,3,4,5,2,1,4,3,1,4,5,4,4,1,1,4,4,2,4,5,3,2,4,4,4,3,3,5,5,4,3,1,4,5,1,1,4,1,4,4,5,3,3,4,4,4,3,2,2,4,4,4,4,4,5,4,3,2,4,5,4,3,4,4
125,4,4,3,2,3,2,2,2,1,3,1,3,5,3,3,2,2,3,2,5,2,4,1,3,3,4,4,1,4,1,3,2,2,3,2,2,2,2,4,4,2,3,2,1,2,2,3,4,2,5,1,2,2,1,3,2,4,2,4,4,3,2,3,3,3,3,3,2,2,4,3,2,2,2,3,3,3,5,4,2,1,3,3,1,4,4,3,2,3,3,3,3,3,1,4,2,3,2,3,4,1,3,3,1,2,2,3,3,2,2,3,4,4,4,2,3,4,3,1,1,5,2,1,2,4,4,2,2,3,3
126,3,3,5,2,5,5,4,3,5,5,4,3,4,4,4,1,3,4,4,5,4,5,4,4,5,2,4,4,4,4,3,2,3,4,3,4,4,4,1,5,5,4,5,4,3,3,3,1,3,3,2,4,4,5,5,2,2,5,5,5,4,4,5,2,5,3,2,4,2,4,4,4,5,1,2,3,4,4,5,2,5,3,2,3,3,5,3,5,4,4,5,4,4,2,4,2,1,1,1,5,5,4,4,1,4,3,4,5,4,1,3,1,4,5,5,3,1,3,4,2,5,1,5,4,4,5,3,5,4,4
127,4,3,5,3,4,2,4,3,4,2,4,2,5,2,4,4,2,5,4,3,3,4,5,2,4,4,5,2,4,3,5,2,5,2,4,5,1,5,3,5,4,4,3,2,3,3,5,2,3,2,4,4,5,2,4,5,3,2,5,2,5,2,4,5,3,4,2,3,3,4,4,5,3,4,3,3,5,3,2,3,3,4,5,3,1,2,4,3,4,2,5,5,2,4,5,3,5,1,3,3,4,4,5,1,3,4,5,2,4,2,5,4,2,3,3,3,4,2,4,2,4,2,4,4,3,2,4,2,5,3
128,3,4,2,2,4,2,5,3,2,4,4,3,5,4,4,4,3,5,4,3,4,5,5,5,5,3,5,2,3,5,5,2,2,5,4,4,4,5,3,5,4,5,4,4,2,3,3,4,4,5,3,5,4,4,3,4,1,1,5,3,3,5,4,4,5,4,4,3,3,3,4,5,1,2,5,5,5,3,2,4,5,5,4,1,5,4,5,4,2,1,5,1,1,3,1,1,1,1,2,5,5,3,1,1,3,3,3,4,4,3,1,4,4,4,4,4,4,3,2,2,4,4,4,1,4,4,4,4,5,5
129,2,4,3,3,4,2,4,3,2,4,4,4,5,4,2,2,3,3,2,5,2,5,4,4,3,5,5,2,3,3,4,2,4,3,4,4,2,4,4,3,4,4,4,2,4,4,4,5,3,5,2,2,2,4,3,4,4,5,5,4,4,4,4,4,4,4,4,2,5,4,2,2,2,4,5,3,5,4,4,2,5,4,5,2,2,5,4,3,4,4,4,4,4,2,5,4,3,1,5,4,5,2,3,1,4,1,5,4,4,3,4,5,4,3,4,4,4,4,2,3,4,2,1,1,4,4,2,3,5,5
130,4,3,4,3,5,4,1,1,3,5,5,3,5,4,4,2,4,5,4,5,2,5,3,4,5,2,5,3,2,4,3,4,3,5,5,4,4,4,2,5,3,5,5,4,3,3,4,4,3,5,5,5,5,4,3,2,4,3,5,4,4,3,4,5,4,4,3,3,4,5,4,5,5,3,5,3,5,5,5,3,5,4,3,3,5,4,4,4,4,3,4,3,3,1,5,4,3,1,2,5,5,4,5,1,3,3,5,4,5,3,3,4,3,5,5,5,5,3,5,4,5,3,3,5,4,5,2,3,3,5
131,3,4,3,1,4,3,2,3,3,3,4,4,5,4,3,3,3,3,3,5,3,4,3,3,3,3,5,3,3,2,3,2,4,2,3,4,4,3,4,4,4,5,4,1,3,3,4,3,3,5,2,3,3,3,3,2,2,2,5,4,3,3,3,5,3,3,3,3,5,3,2,2,4,3,3,3,3,3,4,3,3,3,4,5,3,3,2,2,4,3,3,3,4,2,2,3,3,1,5,5,3,4,3,3,3,5,3,4,3,3,2,2,2,2,3,3,4,3,3,3,5,3,3,3,4,2,3,3,3,3
132,2,4,3,2,4,2,5,5,3,3,2,3,4,4,4,2,4,2,4,4,4,4,4,4,4,3,4,4,4,3,4,3,5,3,5,5,5,3,1,3,4,5,5,3,3,3,3,3,3,3,3,3,2,4,4,1,1,3,4,2,2,4,4,4,2,4,4,4,3,4,4,2,3,4,3,3,3,3,3,3,3,3,3,3,3,3,3,3,3,3,3,3,3,3,3,3,3,3,3,3,3,3,4,3,3,3,3,3,3,3,3,3,3,3,3,3,3,3,4,2,4,2,2,3,3,3,4,3,3,1
133,3,4,5,4,4,4,3,2,3,4,4,3,5,3,4,3,4,3,4,5,3,4,3,3,4,3,5,4,3,4,3,4,3,4,4,3,2,3,3,5,4,3,4,3,3,3,3,3,4,5,4,3,4,3,4,3,3,3,3,4,3,4,5,4,5,3,4,3,3,4,3,4,3,4,4,3,4,3,3,4,5,4,4,3,4,5,3,4,3,3,4,4,4,3,5,3,3,3,3,3,3,4,3,3,3,3,5,3,5,4,3,3,3,3,3,4,3,4,3,4,3,3,4,4,3,4,3,3,3,5
134,4,4,3,2,5,3,4,3,2,4,4,2,4,4,4,3,4,4,4,3,3,3,5,4,5,3,3,4,2,5,4,3,3,3,4,4,2,5,3,4,4,3,4,3,4,4,4,3,4,4,3,5,3,5,3,1,5,4,4,3,5,4,4,4,4,4,4,4,2,3,5,4,3,4,2,4,4,3,4,4,5,4,3,4,4,5,4,5,4,4,5,3,4,3,3,3,4,2,4,4,5,4,3,2,4,3,3,4,5,4,4,5,3,3,5,4,3,4,3,4,3,2,3,1,4,3,3,4,3,5
135,5,4,4,4,4,3,3,3,5,5,4,4,4,4,3,3,3,4,4,5,5,4,4,4,2,4,3,1,4,4,4,4,4,4,4,4,4,5,5,4,5,4,4,4,4,4,4,4,4,5,5,3,5,5,5,5,5,5,4,4,5,1,3,5,5,5,5,3,3,4,3,2,2,4,4,4,4,4,4,4,4,4,5,3,2,2,3,3,4,4,4,4,3,4,3,4,3,3,3,4,4,4,5,5,3,3,3,2,2,3,3,3,3,4,5,5,3,5,5,3,3,3,3,5,4,3,3,4,4,5
136,4,4,2,2,4,3,1,4,2,4,2,4,5,4,4,1,4,4,3,4,1,5,3,4,3,2,4,1,1,3,4,4,1,3,3,4,2,3,4,5,3,5,3,1,4,3,3,3,2,5,2,3,3,4,2,1,4,2,5,4,4,2,3,4,4,4,4,2,4,5,4,2,2,4,3,1,4,5,4,3,4,4,4,1,5,5,3,3,4,4,4,3,3,2,5,3,2,1,3,5,5,2,4,1,3,2,3,3,2,3,4,4,4,4,5,5,4,2,3,2,4,3,1,2,5,5,1,2,3,4
137,4,3,3,2,4,4,4,5,3,5,4,5,4,3,2,5,2,1,4,5,4,4,2,4,5,5,5,4,5,1,2,4,2,3,3,1,5,3,4,4,4,2,1,1,2,3,2,4,3,5,3,2,3,1,4,3,2,4,3,3,4,2,5,3,1,4,5,3,3,5,3,1,3,5,3,2,4,4,5,5,4,4,4,4,4,2,3,2,3,4,2,3,2,4,2,5,2,4,4,2,4,2,3,3,3,1,3,1,4,4,3,3,4,1,4,1,5,2,5,2,4,3,3,5,5,1,4,4,3,2
138,2,4,3,2,4,3,2,4,3,4,3,4,5,4,3,2,4,3,4,5,3,4,2,4,3,4,5,3,3,2,3,3,3,2,3,4,2,4,4,5,3,4,4,2,3,4,4,2,3,5,2,2,2,2,3,2,4,2,5,4,4,3,3,3,2,4,4,3,2,2,2,4,4,4,4,2,5,5,5,4,2,3,4,3,3,4,2,3,4,3,4,4,4,3,5,3,3,3,4,4,2,4,4,3,3,2,5,3,4,4,3,3,4,5,2,3,4,3,2,2,5,4,3,4,5,5,2,3,4,4
139,3,3,4,4,3,4,3,3,3,3,3,3,3,4,4,3,3,3,3,3,3,4,3,3,3,3,3,3,3,3,3,3,3,3,4,2,2,4,3,3,3,3,3,3,3,3,3,4,3,3,3,3,4,3,3,3,3,3,3,3,3,3,3,3,3,3,3,3,4,3,3,3,3,3,3,3,3,4,3,3,3,4,3,3,3,3,3,3,3,3,3,4,3,3,3,3,3,4,3,3,4,4,3,3,3,3,3,3,4,4,3,2,3,3,4,3,3,3,4,3,3,3,4,5,3,3,3,3,3,4
140,4,3,4,2,4,3,4,3,3,3,3,4,4,3,3,2,4,2,4,3,3,4,2,4,3,2,4,2,3,4,2,3,3,4,2,4,3,2,3,4,3,3,2,4,4,3,2,4,3,4,2,2,3,3,5,4,4,4,4,3,3,3,4,2,4,3,5,5,4,3,3,2,4,3,3,2,4,5,4,3,3,2,4,3,2,3,4,4,2,4,3,2,4,3,2,3,3,4,2,3,4,3,2,4,5,1,4,2,1,1,3,4,3,4,2,3,4,2,3,3,3,3,2,2,3,3,4,4,3,5
141,2,4,4,1,3,3,3,4,2,4,3,1,5,4,1,1,5,3,3,5,1,3,3,5,4,1,5,1,2,4,5,5,2,3,3,3,1,4,1,5,4,5,5,3,4,3,3,3,3,5,4,5,4,4,4,3,5,3,5,4,3,5,4,3,3,5,5,3,3,3,2,3,1,4,3,3,5,4,3,4,5,3,3,1,5,5,5,5,4,5,4,4,5,1,5,4,3,1,1,5,5,4,1,1,5,3,3,3,2,3,3,5,3,5,3,3,3,3,3,3,3,3,3,2,5,5,4,4,4,3
142,3,1,2,1,4,3,4,2,2,4,4,4,4,4,1,1,1,4,4,4,3,4,3,4,4,4,4,1,1,1,4,3,3,3,4,3,1,1,4,4,3,4,4,4,3,1,1,3,3,5,3,3,1,1,4,1,3,4,4,3,3,3,3,4,4,4,3,1,2,4,1,4,4,3,4,3,3,4,3,1,4,3,4,3,3,4,3,4,3,3,3,3,3,1,4,1,1,1,3,3,3,4,4,1,3,3,4,4,1,1,1,1,3,5,1,3,4,3,3,3,3,3,1,3,4,4,3,3,3,4
143,4,3,2,5,2,3,2,2,2,3,3,3,5,2,4,2,3,4,3,5,2,3,2,4,1,3,4,3,1,2,3,3,3,4,4,3,1,2,4,5,3,4,3,4,3,4,4,4,3,5,2,3,3,3,3,1,2,2,5,4,3,3,5,3,4,3,4,3,3,4,3,3,1,3,4,3,4,4,3,2,3,4,4,1,3,4,3,5,3,3,4,3,3,1,5,3,3,2,3,3,2,2,2,1,3,2,3,3,3,3,3,5,3,3,3,4,2,3,2,2,4,2,2,3,4,5,3,3,3,5
144,4,3,2,3,3,4,2,4,3,3,4,4,4,3,2,3,2,4,3,2,3,2,2,3,4,3,2,4,2,3,4,2,2,2,4,3,2,3,4,3,4,3,3,3,2,2,2,3,4,4,3,2,4,3,3,2,4,3,2,4,4,3,2,3,2,2,3,3,4,2,3,3,4,2,4,4,2,2,4,3,4,3,2,4,3,1,3,2,3,3,2,3,4,4,2,3,3,2,2,3,4,2,3,3,4,4,2,4,3,3,4,2,3,4,2,3,4,2,3,3,2,4,4,3,2,3,3,2,4,3
145,3,4,5,3,4,3,3,4,2,4,4,4,4,3,2,2,4,4,4,4,3,3,4,4,5,4,4,4,2,4,4,5,4,5,4,4,2,2,4,4,4,3,3,4,3,4,4,3,3,4,4,5,5,5,3,1,3,4,4,4,4,3,4,4,4,3,3,3,3,4,4,4,4,3,3,4,4,4,4,4,5,4,4,3,4,4,3,4,3,3,4,4,4,3,4,3,2,1,4,5,5,4,4,1,3,1,4,3,4,4,3,2,3,5,5,3,4,3,4,3,3,4,3,2,4,4,2,3,4,4
146,5,3,4,2,5,5,2,2,4,4,4,4,4,4,4,4,4,3,4,4,4,5,3,3,2,3,4,4,4,4,3,4,3,4,3,4,3,3,1,5,5,5,5,4,3,3,4,2,3,5,4,4,3,3,5,2,3,5,5,3,5,3,5,3,3,3,4,5,3,4,3,3,4,3,5,3,4,4,5,4,4,4,4,5,4,4,3,4,3,3,5,3,4,3,5,3,3,1,1,5,3,4,3,1,2,4,3,3,4,3,3,5,3,5,3,2,4,2,3,2,3,5,3,4,3,5,2,3,2,4
147,2,3,4,2,3,3,2,4,1,2,3,4,4,3,2,2,3,3,4,4,4,4,4,2,4,4,4,2,4,2,2,3,2,4,3,2,1,2,4,5,3,4,4,2,2,2,3,4,2,5,4,3,4,3,2,1,4,2,5,4,2,2,4,4,4,1,2,3,3,4,2,4,2,2,3,2,4,5,4,3,5,2,3,3,3,4,2,4,2,3,1,3,2,2,4,2,2,1,2,4,4,2,2,1,4,2,4,3,2,1,3,2,2,5,2,2,3,3,3,2,4,1,4,1,4,4,2,3,2,1
148,3,4,2,3,4,3,4,5,2,3,4,4,5,5,2,3,3,4,4,5,5,4,4,4,5,4,5,2,2,4,3,5,2,3,4,4,4,3,3,5,5,5,4,3,1,1,3,3,3,4,5,3,3,4,4,1,3,5,5,5,5,3,4,4,4,1,2,3,3,4,1,4,4,4,4,3,3,5,5,4,4,4,5,5,5,5,3,1,1,1,1,1,3,4,5,3,4,1,1,3,4,5,2,2,2,3,4,3,4,3,3,4,3,5,3,1,5,3,5,4,5,4,4,2,5,5,3,3,3,3
149,4,3,3,3,4,4,3,4,3,4,2,4,4,4,4,3,4,4,4,5,3,4,3,3,3,3,4,3,3,2,4,4,3,5,4,4,3,3,3,4,4,4,4,3,3,3,4,3,3,4,4,3,3,3,4,2,2,4,5,4,4,3,4,4,4,4,4,4,2,5,2,3,4,3,4,3,4,5,4,4,3,4,4,2,3,4,3,4,4,3,4,4,5,3,4,2,1,3,4,5,3,3,3,3,3,3,3,3,3,2,3,4,3,4,3,4,3,3,2,2,2,3,3,3,4,4,2,3,3,3
150,4,3,5,2,5,3,2,4,3,1,3,3,5,3,1,2,4,4,3,5,4,5,2,1,3,3,5,4,2,3,1,4,4,2,1,4,4,3,2,5,4,3,2,4,1,1,3,2,4,5,4,4,3,2,2,2,4,2,5,4,4,3,4,3,4,4,2,2,2,4,3,1,1,3,4,2,3,2,4,4,1,4,3,1,5,4,3,4,4,4,5,1,2,3,4,3,2,1,5,5,4,1,4,1,3,3,3,2,2,2,4,4,3,4,3,3,4,3,2,3,3,4,3,1,3,4,2,4,4,4
151,3,4,5,4,5,3,4,3,3,4,3,2,3,3,5,1,4,5,3,3,3,4,4,5,4,2,2,1,1,4,5,5,1,5,5,5,2,4,3,5,4,2,5,4,4,5,5,1,2,5,4,5,5,5,3,3,5,5,4,2,5,4,4,2,5,5,5,4,2,5,4,3,2,5,2,3,2,2,4,5,5,5,4,3,5,4,4,5,5,4,5,5,5,2,3,5,5,2,4,5,5,4,4,1,5,2,2,4,5,4,5,5,4,5,5,5,2,4,4,4,3,4,4,4,5,3,3,4,4,5
152,3,4,3,2,3,3,4,4,4,5,3,3,3,3,5,4,4,2,2,4,1,4,4,3,3,4,4,2,4,4,5,4,2,2,4,1,4,4,4,4,4,3,3,4,4,4,2,2,4,4,4,4,4,2,3,4,1,4,2,3,3,1,4,4,4,4,4,2,2,4,4,4,3,4,4,4,3,3,4,4,3,2,4,1,4,3,3,3,3,4,4,4,4,4,4,4,3,2,5,4,4,2,4,2,2,4,4,1,4,3,4,2,4,2,4,5,4,4,4,3,3,4,4,4,4,2,4,4,4,3
153,4,4,4,4,4,4,4,4,4,4,4,4,4,4,4,4,4,4,4,4,4,4,4,4,4,4,4,4,4,4,4,4,4,4,4,4,4,4,4,4,4,4,4,4,4,4,4,4,4,4,4,4,4,4,4,4,4,4,4,4,4,4,4,4,4,4,4,4,4,4,4,4,4,4,4,4,4,4,4,4,4,4,4,4,4,4,4,4,4,4,4,4,4,4,4,4,4,4,4,4,4,4,4,4,4,4,4,4,4,4,4,4,4,4,4,4,4,4,4,4,4,4,4,4,4,4,4,4,4,4
154,3,3,3,3,3,3,3,3,3,3,3,3,5,3,3,3,3,4,3,5,3,3,3,3,3,3,5,3,3,3,3,4,2,3,3,3,3,3,3,5,4,5,4,3,3,3,3,3,3,3,3,3,3,3,3,3,3,3,3,3,3,3,3,4,3,3,3,3,3,3,3,3,3,3,3,3,3,3,3,3,3,3,3,3,3,5,3,3,3,3,3,3,3,3,2,3,3,3,3,3,3,3,3,3,3,3,3,4,3,2,3,3,3,5,4,3,4,3,3,3,5,4,3,3,3,3,3,3,3,3
155,1,3,3,1,3,3,1,2,1,3,3,5,2,4,2,1,3,2,3,3,2,3,3,3,2,3,2,3,3,3,3,2,2,2,2,3,2,2,3,4,3,2,3,2,4,2,5,2,2,4,2,2,2,3,3,2,3,3,3,3,4,3,3,4,3,3,4,3,4,3,3,1,2,2,1,2,2,2,4,2,2,3,5,2,2,4,3,3,3,5,2,3,3,1,2,2,2,1,3,3,3,1,3,1,3,3,1,2,1,2,1,2,3,1,2,2,3,3,2,2,2,1,1,1,1,1,1,1,1,4
156,2,3,3,2,3,3,2,3,3,3,3,3,4,3,3,1,3,4,3,4,3,2,5,3,4,3,3,3,2,5,3,3,3,3,3,3,2,3,3,3,3,3,3,4,4,2,3,3,3,4,3,4,3,5,3,3,3,3,4,3,3,3,3,2,3,3,3,3,3,4,3,4,3,3,3,3,3,3,3,3,4,3,3,3,3,4,3,3,3,3,3,3,3,3,4,3,3,3,3,4,5,3,3,3,3,2,3,3,3,3,3,3,3,4,5,3,3,3,3,3,3,3,3,3,3,4,3,3,3,5
157,3,3,5,4,4,3,2,3,3,4,3,3,4,3,4,2,3,3,3,4,3,3,3,4,4,3,4,2,2,2,3,4,3,3,3,4,3,3,3,5,5,4,3,2,2,3,3,3,2,5,2,3,3,2,3,3,3,3,5,3,4,2,3,3,3,3,2,2,2,2,3,3,3,3,4,2,3,5,4,4,3,3,3,3,5,4,3,3,3,3,3,3,2,2,5,3,3,3,3,4,3,3,3,2,3,2,3,3,4,4,3,3,3,3,3,4,3,2,2,3,5,3,3,3,3,3,3,3,3,3
158,4,4,4,4,5,4,4,4,3,3,3,4,4,4,4,4,4,4,4,4,3,4,4,3,4,2,4,4,3,3,4,3,2,4,5,4,3,5,4,4,4,4,5,4,3,2,4,4,3,5,3,3,4,4,4,4,4,4,5,4,4,4,5,3,3,4,4,4,4,4,3,4,2,2,2,2,4,4,4,2,2,4,4,4,5,4,3,4,3,4,4,3,4,2,5,4,3,4,3,4,4,4,4,3,4,4,4,4,4,3,4,3,4,4,4,3,4,4,3,4,4,3,3,4,4,3,3,4,4,4
159,3,5,3,3,4,4,4,3,3,3,4,3,5,3,3,4,3,2,4,3,4,4,5,3,4,3,4,3,3,4,3,4,5,5,4,4,5,4,4,5,5,3,5,4,5,5,4,5,4,5,3,5,4,4,5,4,5,5,3,4,3,3,4,5,3,4,5,4,5,4,3,3,4,4,5,4,5,4,4,4,3,3,4,3,4,3,4,5,4,3,5,5,4,4,5,4,4,3,3,4,3,4,4,4,4,5,4,3,4,4,2,4,3,4,4,3,4,4,4,4,4,4,4,4,5,3,5,5,5,4
160,3,4,4,3,3,4,3,4,4,4,2,3,3,4,4,4,3,3,4,4,3,3,3,4,3,3,3,3,4,3,4,4,4,4,4,3,3,3,3,3,3,3,3,4,3,3,3,3,3,3,4,4,4,4,4,2,3,3,4,3,3,3,3,3,4,3,3,3,3,4,4,4,4,4,4,4,4,4,4,4,3,2,3,3,3,3,3,3,3,3,3,3,3,4,4,4,4,4,4,4,4,4,4,4,3,3,3,3,3,3,3,3,3,4,4,4,4,4,4,4,4,3,3,3,3,3,3,3,4,4
161,3,4,3,5,3,3,4,4,3,4,3,3,4,4,3,1,3,3,4,4,4,4,4,4,3,4,4,5,4,4,4,4,3,4,4,4,3,4,4,4,4,4,4,4,4,3,4,4,4,5,4,4,4,3,3,3,4,4,4,4,3,4,3,3,5,4,4,3,3,5,3,4,4,4,3,4,4,4,4,3,4,4,3,4,4,3,4,4,4,4,4,4,4,3,4,4,3,3,4,4,4,4,3,3,5,4,4,3,4,3,4,3,4,5,3,4,4,4,4,4,3,1,4,4,4,4,4,4,4,5
162,4,3,4,3,3,4,2,2,3,3,4,3,4,3,3,4,3,3,3,4,4,5,2,2,3,2,3,5,4,3,2,2,4,3,3,3,4,4,3,3,2,3,3,3,2,2,4,3,2,2,3,4,3,4,2,2,3,4,2,2,3,4,2,2,5,3,2,4,3,2,5,4,2,3,4,2,4,3,5,4,3,2,2,4,3,4,5,3,2,3,2,3,2,3,4,3,5,3,4,3,2,4,3,4,4,3,2,3,3,4,3,3,4,2,3,2,3,3,4,5,3,4,2,3,2,3,3,4,3,3
163,3,4,4,5,5,3,3,2,3,4,4,2,4,2,4,4,4,3,4,4,3,3,5,5,5,1,4,3,2,5,5,5,2,4,4,3,2,5,1,3,3,3,4,1,2,5,4,1,2,4,5,5,5,5,4,5,2,5,5,1,3,3,4,2,3,4,5,1,1,3,5,5,2,4,5,4,4,1,1,3,5,4,2,2,4,4,3,5,4,1,2,4,4,2,4,4,4,2,1,4,5,2,1,3,4,2,3,4,5,5,3,3,2,4,5,4,1,4,3,2,1,5,3,5,5,4,3,4,1,5
164,2,3,3,4,2,3,2,2,2,3,4,4,1,3,2,4,2,1,1,2,2,4,2,2,1,3,1,1,4,2,2,4,4,2,3,3,3,4,3,4,4,2,1,1,1,1,4,3,3,3,2,1,4,4,2,4,3,3,3,2,1,1,3,2,1,1,1,1,1,2,3,2,4,3,4,2,2,2,1,1,1,1,1,1,1,1,3,1,1,2,4,2,2,2,2,2,2,1,3,2,1,3,2,1,2,2,1,1,4,2,1,5,1,3,2,1,2,1,2,1,1,1,1,3,2,2,2,2,1,4
165,2,3,4,3,4,4,3,4,2,3,4,5,5,4,2,2,3,2,3,4,3,3,3,2,3,3,4,2,3,2,2,3,3,4,4,2,3,3,3,3,3,3,3,3,2,4,4,3,2,4,4,4,4,3,3,3,2,3,4,3,2,3,4,3,3,2,3,3,2,4,3,4,4,3,4,3,4,5,4,3,4,4,3,2,3,4,3,3,2,4,4,3,3,3,4,3,3,2,3,4,4,5,5,2,3,3,4,3,3,3,3,4,2,4,3,3,3,2,3,3,4,4,4,4,4,4,4,2,3,4
166,3,4,4,4,4,3,2,3,2,4,2,3,4,3,4,2,3,2,3,4,3,2,3,3,4,3,3,2,3,3,3,4,3,3,4,4,2,3,2,4,3,3,4,2,3,4,4,3,2,3,3,3,4,4,2,2,1,4,5,3,4,2,4,4,3,3,3,3,3,4,2,4,4,4,3,4,3,4,4,4,4,3,3,2,3,4,3,4,4,4,4,3,5,3,5,4,2,2,2,4,5,5,4,2,2,2,3,3,4,3,2,3,2,5,4,3,3,2,2,2,4,4,2,2,4,3,3,3,3,4
167,3,2,5,1,5,5,3,4,1,2,3,4,4,4,1,3,1,3,2,4,1,3,2,5,5,3,4,4,2,2,2,2,2,4,2,2,3,1,3,4,1,4,2,1,3,1,2,4,4,5,3,4,4,1,1,1,2,3,5,4,1,4,4,4,3,2,3,3,3,4,2,4,3,1,1,2,4,5,4,4,4,3,4,3,4,4,2,2,2,3,5,3,2,1,4,2,1,1,2,5,4,2,4,1,2,1,3,2,1,1,4,4,4,3,4,2,4,2,2,1,3,2,4,1,4,4,1,3,4,4
168,3,4,4,3,4,4,3,2,3,5,3,3,4,5,5,2,3,4,4,4,3,3,4,5,4,3,4,3,2,3,5,3,3,3,5,4,3,5,3,3,4,3,4,3,4,4,4,3,3,4,3,3,4,3,3,3,4,3,4,3,4,3,3,3,4,4,5,4,3,4,3,3,3,4,4,3,3,4,3,3,4,3,4,3,4,5,3,5,4,4,3,4,5,3,4,4,3,3,3,4,4,4,3,3,5,3,3,5,5,4,4,5,3,4,4,3,3,4,4,3,3,1,3,4,5,4,3,4,4,4
169,2,4,3,3,4,3,4,4,3,4,5,3,4,4,3,2,3,3,3,3,4,3,4,2,5,1,3,3,2,4,2,4,3,3,3,3,2,4,2,4,3,4,3,4,3,4,3,2,3,4,3,4,5,4,4,2,4,5,3,3,3,3,5,2,3,3,3,3,2,3,4,5,2,3,3,3,3,2,3,5,4,3,3,3,4,4,3,4,3,3,2,3,4,1,3,3,3,2,2,3,4,5,3,2,4,2,3,3,3,2,3,4,3,4,4,3,3,3,3,5,3,2,3,3,3,3,4,3,3,5
170,2,4,3,4,5,3,2,5,1,4,5,1,4,3,5,1,3,4,3,4,5,3,4,3,5,3,3,2,2,2,3,3,3,2,4,3,1,4,4,5,4,3,3,3,2,2,4,2,1,4,1,3,5,3,3,1,4,5,3,2,3,3,4,3,4,5,3,3,2,4,1,5,1,1,5,3,2,2,5,4,4,2,4,2,4,5,4,5,4,4,3,3,4,2,3,3,4,1,2,3,4,3,2,1,4,1,1,3,5,4,3,2,2,4,3,4,3,4,3,3,3,1,3,3,3,3,2,3,2,5
171,3,4,5,4,5,3,5,3,3,3,3,5,5,2,5,2,3,3,3,4,3,3,2,4,4,3,4,4,3,3,4,3,3,3,5,4,3,3,3,3,3,3,3,3,3,3,3,3,3,3,3,3,3,3,3,3,3,3,4,3,3,4,3,3,4,3,4,3,4,3,3,3,3,3,4,3,3,3,4,4,3,3,4,4,3,3,4,3,3,2,4,5,2,3,4,4,3,3,3,3,3,3,3,1,2,3,3,3,3,3,3,3,3,3,3,3,3,3,3,3,2,2,4,3,3,3,3,3,3,3
172,3,4,3,4,4,4,3,3,2,5,3,4,5,3,5,1,5,3,3,4,3,4,3,5,3,3,5,4,2,3,5,5,3,4,5,5,1,4,2,4,4,3,4,2,4,3,5,2,2,5,4,2,5,1,3,3,4,3,5,3,4,3,4,3,3,5,5,3,2,5,2,1,5,5,5,2,3,4,3,2,4,5,4,3,4,5,3,4,4,4,1,2,1,1,4,1,3,2,3,4,2,4,2,1,3,2,4,5,5,4,3,3,3,3,3,5,3,5,3,4,3,2,4,5,5,5,2,3,3,5
173,1,1,1,1,1,1,1,1,1,1,1,1,3,3,1,2,1,1,1,4,1,1,1,1,1,2,2,2,1,1,1,1,1,1,1,1,1,3,1,3,1,1,1,1,1,1,1,1,1,1,1,1,1,1,1,1,1,1,3,1,2,1,1,2,4,1,1,1,1,1,3,1,1,4,1,5,1,3,1,1,1,1,1,1,1,4,1,1,1,1,1,1,1,1,5,3,1,1,1,5,4,1,1,1,1,1,3,1,5,1,3,5,1,5,1,1,1,1,1,1,4,4,1,1,4,1,1,1,4,5
174,3,4,4,1,4,3,1,3,1,3,2,4,4,4,3,2,2,2,2,5,4,4,2,4,2,4,4,1,1,2,3,2,1,3,4,3,1,3,4,4,1,4,3,1,3,1,4,3,1,5,1,1,1,3,2,1,4,3,4,3,4,3,3,4,3,4,5,2,4,3,2,1,2,3,2,2,3,4,4,1,3,3,3,1,5,5,1,3,3,3,2,2,4,2,5,4,3,1,4,5,3,3,4,1,4,1,3,3,3,3,1,3,3,5,3,3,4,3,3,2,4,1,1,1,4,4,2,2,3,4
175,3,4,4,4,4,5,3,3,4,5,3,3,5,4,4,2,4,4,4,4,4,3,4,4,4,1,5,4,3,4,5,5,3,4,4,4,1,4,1,4,5,4,5,3,4,4,4,2,4,4,4,4,5,5,4,2,4,4,5,4,3,4,5,4,5,4,4,5,4,4,4,4,2,5,4,5,4,4,4,4,5,5,5,4,5,5,5,5,5,5,5,5,5,5,5,5,5,1,5,5,5,3,3,1,5,3,4,5,5,5,5,3,4,5,5,5,5,5,4,4,4,4,5,5,5,5,4,4,4,5
176,3,3,4,5,4,4,3,3,1,5,4,3,3,5,2,2,5,3,5,5,4,5,4,5,4,1,4,3,3,3,5,4,3,4,5,4,3,5,1,5,5,3,5,3,3,5,4,3,3,4,5,3,4,3,3,1,4,4,4,3,4,4,3,3,3,4,4,5,3,5,3,4,3,4,5,4,4,5,4,4,4,5,4,3,5,4,5,5,5,4,3,5,5,3,4,4,3,1,1,5,5,5,3,1,5,4,3,5,5,1,5,5,5,5,3,4,1,4,3,4,3,3,4,4,5,5,3,5,3,4
177,3,3,3,3,4,3,3,4,3,3,4,4,4,4,4,4,4,4,4,4,4,4,5,4,4,2,3,4,3,4,3,3,3,3,2,4,4,4,4,4,4,4,4,4,4,3,4,4,4,4,4,3,3,3,4,3,2,3,4,4,4,4,3,5,4,5,4,4,3,3,3,3,3,3,3,3,3,3,3,3,3,3,3,3,3,5,4,4,4,4,4,4,4,3,2,4,3,3,2,4,3,4,3,4,2,2,3,4,4,4,4,3,3,3,3,2,1,1,1,1,1,3,3,3,3,4,2,2,1,1
178,3,4,4,4,4,3,4,4,1,3,5,4,2,3,5,1,3,3,5,5,5,5,3,5,5,5,2,3,3,3,4,3,3,3,4,4,2,3,4,4,3,4,3,3,3,4,4,4,4,5,4,4,4,4,4,2,1,4,4,4,4,4,3,4,4,4,4,4,4,4,3,5,5,5,3,5,3,5,5,5,3,5,5,3,4,5,5,5,4,3,1,3,5,3,4,4,4,3,3,5,5,5,5,3,3,3,3,5,5,3,4,3,3,5,3,4,5,3,5,5,5,1,3,5,5,5,4,4,4,4
179,2,4,4,2,4,3,4,3,2,2,2,3,3,3,2,2,3,3,3,4,2,4,3,3,4,4,3,1,2,3,2,2,2,2,2,3,1,2,3,4,4,3,2,1,2,4,3,3,2,4,3,3,3,4,2,2,1,4,5,4,3,3,5,4,2,3,4,3,4,3,2,4,4,3,4,4,2,4,4,3,5,4,3,2,4,5,3,5,2,4,5,3,4,2,4,2,2,2,4,4,5,4,2,1,4,1,2,2,2,2,3,5,5,5,3,4,4,3,2,2,4,2,3,2,5,4,1,2,4,4
180,3,4,5,3,4,4,2,2,3,4,3,4,4,3,4,4,4,5,4,4,4,3,2,4,4,4,4,3,3,3,4,4,3,4,4,4,3,4,3,4,4,4,4,3,4,3,4,3,3,5,4,3,4,4,4,2,4,4,4,3,4,4,4,4,4,4,3,3,3,4,3,3,3,4,5,2,4,4,2,3,3,3,3,3,5,5,3,4,4,4,4,3,3,3,5,4,3,4,3,5,3,2,3,3,3,3,4,4,4,3,4,4,3,5,4,4,4,4,4,3,4,3,3,3,4,5,3,4,4,4
181,4,2,4,1,4,1,2,1,3,1,3,4,5,3,3,5,2,5,2,5,3,5,4,1,4,3,5,1,2,5,2,3,5,4,2,5,3,1,4,5,2,5,2,5,3,2,3,3,4,5,3,4,3,4,5,2,2,5,5,4,3,2,5,5,3,4,3,3,5,5,5,4,5,1,2,3,5,5,5,4,5,4,3,5,3,5,5,3,3,4,5,4,3,4,5,2,2,3,4,5,5,5,5,3,2,5,5,3,4,2,1,5,5,5,5,5,3,2,5,2,5,5,1,4,5,5,5,1,2,4
182,4,3,4,5,5,3,3,2,2,4,4,4,4,3,4,4,4,4,4,5,4,4,2,4,3,4,4,3,3,3,3,4,3,4,4,4,4,4,4,4,4,4,3,3,2,4,2,3,3,5,2,3,4,2,4,4,4,4,4,4,4,2,5,4,4,5,2,4,3,4,3,3,4,4,4,2,4,4,4,4,4,2,3,4,4,4,4,4,2,3,5,4,3,4,4,4,3,3,3,4,3,5,5,3,5,4,4,4,5,5,3,4,3,4,3,4,3,3,3,3,4,4,4,4,4,4,3,4,3,5
183,3,4,4,3,5,3,4,4,3,4,3,4,5,4,4,2,4,3,3,4,3,4,4,4,4,3,5,3,3,3,3,4,3,4,4,3,2,3,4,4,4,4,3,2,5,4,4,4,3,5,3,3,3,3,3,1,4,4,5,4,3,4,5,4,3,3,4,2,3,4,2,4,3,4,4,4,4,4,4,4,2,3,4,3,4,4,2,4,3,4,4,4,3,2,4,3,4,2,4,4,4,3,3,2,3,2,4,3,3,3,3,3,4,4,2,3,3,3,3,3,4,3,3,3,4,4,3,3,4,3
184,2,1,3,3,4,3,3,1,1,1,1,3,3,3,2,1,1,3,3,3,2,3,3,3,2,3,3,1,1,3,3,1,1,3,1,1,1,1,1,3,3,2,1,1,1,1,1,1,1,5,1,1,3,3,1,1,4,1,3,1,1,1,4,3,4,3,3,1,1,3,4,1,1,2,3,1,1,3,1,1,3,3,4,3,3,3,1,3,3,3,3,2,3,2,3,2,1,1,1,4,4,2,2,1,3,2,2,1,3,1,3,4,2,4,3,2,1,1,2,1,1,1,3,1,3,3,1,1,1,4
185,3,3,4,1,3,3,3,4,1,3,3,4,5,1,1,1,3,3,4,4,4,4,1,1,3,4,5,1,1,1,1,4,3,1,3,4,3,3,4,5,3,5,1,5,1,1,4,3,1,4,3,3,3,1,4,1,1,4,4,3,4,3,5,3,3,3,1,3,4,3,2,1,5,3,1,1,5,4,5,1,1,1,4,1,4,4,3,1,3,1,4,3,4,4,4,3,1,5,4,5,3,4,5,5,3,3,5,3,3,1,3,4,3,4,1,1,4,1,1,3,4,2,1,1,3,4,3,3,1,3
186,4,4,2,3,4,2,3,3,2,2,2,3,5,3,5,4,4,4,4,5,3,5,4,3,3,3,4,3,4,4,2,2,3,4,4,1,3,2,2,5,3,5,4,3,3,4,2,3,3,5,4,3,3,3,2,4,5,4,5,3,4,3,5,4,2,3,3,2,3,4,4,3,4,3,3,3,4,5,3,3,4,3,4,1,2,3,3,3,2,4,5,3,2,3,5,2,3,1,3,4,5,4,5,4,3,3,2,3,4,4,3,5,3,2,4,1,5,3,4,2,5,3,3,3,2,4,4,4,3,3
187,3,3,4,2,4,3,5,3,3,4,4,4,5,3,4,3,2,4,4,4,3,2,2,2,3,3,4,2,3,3,3,4,4,3,3,1,2,2,2,5,3,4,2,2,2,1,3,4,3,5,3,3,3,3,5,3,3,3,4,4,2,4,5,5,4,2,2,3,4,2,3,2,3,1,3,2,4,4,5,3,2,3,4,2,2,4,2,2,3,3,5,2,2,3,4,2,2,2,4,3,2,4,3,4,3,3,4,3,4,3,5,5,4,4,2,3,4,2,2,3,2,4,3,3,2,4,3,2,4,4
188,3,4,5,3,5,3,3,3,3,4,3,2,4,5,5,1,4,4,4,4,4,4,4,4,4,3,3,3,1,3,4,4,4,4,4,4,1,4,3,5,3,4,4,3,4,3,4,4,4,5,4,4,4,4,4,1,5,4,4,4,4,4,4,4,4,4,4,3,3,4,3,4,3,4,4,4,4,4,4,4,4,4,4,4,4,4,4,4,4,4,4,4,4,4,5,4,4,1,1,4,4,4,4,4,4,4,4,4,4,4,4,4,5,4,4,4,3,4,3,4,3,4,3,4,4,4,4,4,4,4
189,3,1,4,1,3,3,4,4,2,1,3,3,3,3,1,1,1,2,3,2,4,3,3,4,2,2,3,3,2,4,3,4,4,4,3,3,4,4,2,4,3,3,4,3,4,3,4,3,4,4,4,3,2,4,4,3,2,4,3,3,3,3,4,4,4,2,1,3,1,3,3,2,2,2,2,5,2,4,2,4,1,5,2,4,3,4,3,4,3,4,3,4,3,4,3,4,3,4,3,4,3,4,3,4,3,4,3,4,3,4,3,4,3,4,3,4,3,4,4,3,3,3,3,3,3,3,3,3,3,3
190,3,3,5,2,5,3,1,1,1,2,1,5,5,3,1,3,2,4,4,4,1,5,3,3,1,5,4,4,3,4,3,3,3,3,3,3,3,3,3,3,3,3,3,3,3,3,3,3,3,3,3,3,3,3,3,3,3,3,3,3,3,3,3,4,3,2,3,3,3,3,4,3,3,1,3,3,3,3,3,3,3,3,3,3,3,3,3,3,3,3,3,3,3,3,3,3,3,3,3,3,3,3,3,3,3,3,3,3,3,3,3,3,5,3,3,3,4,3,5,3,4,4,4,1,3,5,1,2,4,3
191,5,5,4,3,5,2,3,3,4,4,4,4,4,3,2,4,4,3,3,3,3,2,3,4,3,4,3,3,2,4,3,3,3,3,5,3,4,3,2,4,4,2,2,2,3,2,4,4,3,5,2,3,3,2,5,2,3,3,4,2,3,3,5,4,3,5,4,3,3,4,3,2,4,4,2,1,5,3,2,1,3,3,4,5,3,4,3,4,3,3,5,3,3,1,3,3,1,3,5,4,3,4,3,4,5,3,4,4,4,3,3,5,4,5,3,3,4,2,4,5,2,5,2,4,4,3,3,4,5,5
192,3,3,3,4,3,3,4,3,2,2,3,4,5,2,2,1,3,5,3,4,3,4,4,3,4,5,5,3,3,3,3,3,2,3,3,3,1,3,4,3,2,4,3,2,3,3,3,3,2,4,3,4,3,2,3,3,3,2,4,4,3,3,3,4,2,3,3,3,3,3,3,3,2,3,3,3,3,4,3,3,3,3,3,3,3,4,3,3,3,3,2,2,2,3,5,3,3,3,5,3,4,3,3,1,3,3,3,2,3,2,2,3,2,5,3,3,4,3,3,3,4,2,3,1,4,5,3,2,3,3
193,4,4,3,4,3,4,4,3,4,4,3,4,3,2,4,3,4,3,4,4,2,4,3,4,3,3,3,1,4,3,4,3,4,2,2,3,3,3,2,3,1,3,3,4,1,1,2,3,4,5,3,3,3,4,4,2,3,2,4,2,3,4,5,3,2,3,4,3,3,5,4,4,3,3,5,3,4,4,3,3,4,4,3,4,2,4,4,4,3,3,3,3,2,2,5,3,2,4,2,5,4,3,3,3,4,4,4,3,2,2,3,3,3,5,4,2,2,2,4,4,5,4,3,2,5,5,3,3,2,3
194,3,4,3,2,4,2,2,3,2,4,1,3,3,3,4,2,3,4,3,3,3,3,3,3,2,3,3,3,3,3,2,3,3,5,3,3,2,3,3,3,4,3,3,2,1,3,2,3,3,3,2,3,4,2,3,3,3,2,3,3,4,3,3,2,4,3,2,3,3,5,4,3,3,3,3,3,3,3,3,2,5,3,3,3,2,4,3,3,1,3,2,3,3,2,4,3,3,1,3,3,4,3,3,2,3,3,3,2,4,3,2,3,3,4,5,3,3,2,4,3,3,3,3,3,3,4,3,3,3,3
195,3,4,5,3,3,3,1,1,3,3,4,4,3,4,5,4,4,4,4,3,3,3,3,4,4,4,4,4,3,4,4,4,4,4,3,3,3,3,3,4,4,4,4,3,3,3,3,3,3,3,3,3,3,3,3,4,3,2,5,1,1,1,5,5,4,4,4,3,1,5,5,5,5,5,5,5,5,5,5,5,5,5,5,5,5,5,4,4,5,5,5,3,3,2,3,3,3,3,3,3,3,3,3,3,3,3,3,3,3,3,5,5,5,5,5,5,3,3,3,3,3,3,3,3,3,3,3,4,1,5
196,5,5,5,2,4,3,4,4,4,4,5,4,4,3,3,3,4,3,3,5,4,4,4,4,5,4,5,3,3,3,4,4,5,5,5,5,4,4,3,5,4,5,3,3,4,3,3,3,3,5,5,5,4,3,3,3,3,3,5,3,3,4,4,3,2,4,4,4,4,5,3,4,3,4,3,3,4,5,4,3,4,3,4,3,3,4,4,4,4,3,3,3,3,4,5,3,3,3,3,5,4,4,3,4,4,3,4,4,4,3,4,3,3,5,3,3,3,3,3,3,5,3,3,3,3,5,4,3,4,4
197,4,2,1,1,4,2,3,1,1,4,4,3,2,3,3,2,3,2,1,2,2,1,3,4,3,2,2,2,2,4,1,1,1,1,4,3,3,2,1,4,2,1,2,2,1,4,3,3,1,3,1,4,1,4,4,4,1,2,3,2,4,2,5,3,1,4,2,3,2,2,4,5,4,2,3,2,1,4,4,2,5,3,3,3,1,4,4,5,4,2,3,4,1,1,2,3,1,1,3,4,5,4,3,1,4,1,3,4,5,3,4,3,2,4,5,5,1,1,5,4,4,4,2,4,2,4,1,4,1,3
198,4,3,5,2,3,1,4,3,1,4,1,1,4,4,4,2,5,4,4,5,3,2,5,5,5,1,3,2,1,4,4,5,2,5,4,1,1,1,1,5,2,5,2,1,4,1,3,1,2,5,5,2,4,3,1,2,5,1,4,1,1,4,4,1,4,2,4,1,1,4,5,4,5,2,3,5,2,3,4,4,3,4,2,1,3,2,3,1,4,2,3,5,5,4,4,3,3,5,4,5,4,2,2,4,2,1,4,4,2,5,1,2,4,3,5,4,4,5,4,5,3,3,2,4,2,2,5,1,2,4
199,4,3,5,4,3,4,4,5,3,5,4,5,4,4,5,3,3,4,3,4,3,4,5,4,4,5,4,2,4,3,4,4,4,4,5,4,2,4,4,5,4,3,3,4,3,4,4,4,3,5,5,3,4,4,3,4,4,4,5,4,4,4,4,5,5,4,4,4,4,5,3,4,4,4,4,5,3,4,5,4,4,4,4,3,4,5,4,5,5,5,4,5,4,4,5,4,4,2,4,4,4,4,4,2,4,4,3,3,4,4,4,5,5,5,3,4,4,4,4,4,5,2,3,5,4,5,4,4,5,5
200,4,4,3,2,3,4,2,3,3,4,3,4,4,3,1,3,2,3,3,4,4,5,3,2,2,3,4,2,2,2,4,4,2,3,2,3,3,2,4,4,4,4,2,4,3,2,2,2,3,2,4,2,4,2,3,1,3,3,4,4,2,2,4,4,4,2,2,3,4,4,4,2,2,3,2,2,4,4,4,4,3,2,4,4,4,4,4,3,4,4,5,4,2,2,4,2,2,4,4,4,3,4,5,5,2,4,5,4,1,2,4,3,4,4,2,2,4,2,2,4,4,5,3,1,4,4,4,3,2,2
201,2,5,3,1,4,2,3,3,3,4,3,4,5,2,1,1,4,3,4,5,3,5,3,2,3,4,4,2,2,2,5,4,4,4,4,4,1,1,4,5,5,4,4,4,3,2,4,2,2,5,1,3,4,2,1,1,4,4,5,4,4,3,5,5,4,3,3,2,4,4,1,1,3,3,1,1,5,5,5,3,2,4,5,1,3,5,3,2,3,4,3,3,3,3,5,3,1,1,3,4,2,2,4,1,4,2,1,4,2,1,4,5,4,5,1,3,4,4,1,1,4,2,4,2,4,5,4,2,3,5
202,1,1,5,1,5,5,5,5,5,1,1,1,5,5,5,5,5,5,5,5,5,5,5,5,5,5,5,5,5,5,5,4,4,4,4,4,4,4,4,4,4,4,4,4,4,5,3,5,5,5,5,5,5,5,5,5,5,5,5,5,5,5,5,5,5,5,2,3,4,5,1,5,4,4,3,3,3,3,3,3,5,5,5,1,1,5,5,1,1,1,1,3,1,1,1,5,1,5,5,5,5,5,5,5,5,5,5,5,5,5,5,5,5,3,5,5,5,5,5,1,1,1,1,1,1,1,5,5,5,5
203,2,3,3,2,4,4,5,4,2,3,4,2,4,5,3,1,3,2,4,5,4,3,4,5,4,2,4,4,2,3,3,2,3,3,3,4,2,3,1,5,4,5,4,3,3,3,4,2,3,4,3,4,4,4,4,3,2,4,5,4,4,4,4,2,2,3,4,4,2,4,3,4,3,3,2,4,4,4,4,4,3,4,2,4,4,5,4,4,3,4,4,4,3,3,5,4,3,2,1,4,4,2,3,2,2,3,4,4,4,3,4,4,4,5,4,3,2,2,3,4,3,2,4,2,5,5,4,4,4,3
204,4,3,4,4,4,5,4,4,4,3,5,4,5,3,4,5,4,4,5,5,4,5,5,4,5,4,5,3,5,2,1,2,2,4,4,4,4,5,5,3,5,5,5,3,2,3,5,5,4,5,2,3,4,3,2,2,5,3,5,5,4,5,5,5,5,5,4,4,2,5,3,4,4,4,5,3,5,5,2,3,4,3,4,3,5,5,5,5,5,5,5,4,5,1,5,4,4,1,1,5,3,5,5,3,4,4,5,5,5,4,5,5,4,5,2,5,5,5,3,2,4,5,3,5,5,5,2,3,5,5
205,2,1,5,4,3,1,5,5,5,5,3,5,5,3,3,2,5,1,5,3,2,4,1,5,2,5,4,2,3,1,5,1,5,2,2,1,1,1,1,4,3,5,2,1,2,2,1,2,2,5,2,1,2,5,2,1,1,1,5,4,2,1,3,3,3,2,5,2,4,4,1,2,1,3,1,2,5,4,3,2,5,2,2,1,3,5,3,4,2,3,1,3,4,1,5,3,1,2,1,5,5,2,1,1,2,2,2,3,2,1,1,3,2,5,4,2,2,1,1,1,4,1,2,1,5,4,2,2,1,5
206,3,5,5,4,4,4,3,3,4,4,4,3,5,4,4,3,4,4,4,4,2,3,4,4,4,2,5,3,2,5,4,4,5,4,3,4,3,4,2,4,4,4,4,5,4,4,4,2,3,4,3,5,4,4,3,2,3,4,5,3,4,3,4,4,5,4,4,3,2,4,5,3,4,4,4,4,4,4,4,3,4,4,4,3,4,5,4,4,4,3,4,4,3,4,5,4,4,1,2,4,4,3,4,1,4,3,4,4,4,4,3,3,3,4,4,4,3,4,3,4,4,3,4,4,5,5,4,4,3,5
207,3,4,4,4,4,3,3,4,3,3,3,3,3,4,3,1,5,3,2,3,2,3,3,4,3,3,3,3,2,5,4,3,4,4,4,5,2,4,3,4,3,3,3,2,3,2,4,3,3,4,4,4,4,5,4,3,4,4,3,3,4,2,4,3,3,5,5,2,3,4,4,1,2,5,1,2,3,3,4,4,5,3,4,2,4,5,4,3,4,4,3,4,3,2,4,3,3,1,4,3,5,3,3,1,4,3,2,3,4,3,3,3,3,4,4,3,3,3,4,3,2,1,2,4,4,3,2,3,3,3
208,3,4,4,2,4,4,3,3,3,4,3,3,4,4,2,2,4,4,4,4,3,3,3,4,3,3,4,3,3,4,4,2,2,3,3,4,2,3,3,4,4,4,4,3,3,3,3,3,3,4,2,4,3,3,4,3,3,3,4,3,4,3,4,4,4,4,4,3,3,4,3,2,2,3,4,3,3,4,3,3,3,4,3,3,4,4,4,4,4,4,3,4,4,3,4,3,3,2,2,4,4,2,3,2,4,3,3,3,4,3,3,3,3,3,3,3,3,4,3,2,3,3,4,3,4,4,3,4,4,4
209,5,4,3,3,5,3,5,5,2,3,5,5,4,4,3,4,4,4,4,5,4,4,4,5,5,4,4,2,2,5,4,4,5,4,3,4,5,4,3,5,3,4,2,4,4,4,5,2,4,5,3,3,4,5,5,2,3,5,4,4,4,5,4,3,3,4,4,3,3,4,4,5,3,3,3,3,4,4,5,4,4,3,3,2,4,4,4,3,3,4,3,3,4,4,5,3,3,1,2,4,4,4,4,1,4,3,4,5,3,3,4,5,4,4,5,4,4,5,5,4,4,5,3,3,4,4,4,3,3,5
210,4,4,5,4,4,3,3,2,2,4,4,3,4,3,3,1,3,3,3,4,2,2,3,5,5,3,4,2,1,4,4,3,3,3,3,2,1,3,1,4,3,2,3,3,2,4,4,1,2,4,1,4,3,5,4,1,2,2,4,3,4,3,5,4,3,3,3,2,2,2,3,3,2,3,4,3,3,4,3,3,5,3,4,1,3,4,3,4,2,3,3,3,4,1,3,3,2,1,1,4,4,4,3,1,3,1,2,3,4,3,1,4,1,4,5,4,2,3,3,3,3,4,4,4,4,3,1,2,1,1
211,3,4,4,4,4,4,3,3,3,4,4,4,4,4,4,4,4,4,4,4,4,4,5,5,4,5,4,3,3,3,3,5,5,3,4,4,4,4,4,4,3,4,4,3,3,4,3,3,5,5,5,4,4,3,4,4,4,4,4,4,4,3,3,3,4,3,5,4,3,3,4,4,2,3,3,3,3,3,3,3,3,3,3,4,3,4,4,4,4,4,3,3,3,3,3,3,3,3,3,3,3,3,3,3,3,3,3,3,3,3,3,3,4,4,3,3,3,3,3,3,3,3,3,3,3,3,3,3,3,3
212,5,5,5,5,4,4,5,3,4,4,3,3,5,2,5,5,4,3,3,4,4,4,5,3,4,3,5,1,3,4,5,4,4,4,3,4,4,4,4,4,4,4,4,4,3,4,3,5,4,5,4,4,3,4,4,4,4,4,4,4,4,5,2,4,4,5,4,4,4,4,4,4,4,4,4,4,4,4,3,5,4,4,4,4,4,4,4,4,4,4,4,4,4,4,4,4,4,4,4,4,4,4,4,4,4,4,4,4,4,4,4,4,3,5,5,5,5,4,4,3,4,3,2,4,3,4,3,3,5,5
213,3,3,4,3,3,3,3,3,3,4,3,3,4,4,3,3,3,3,3,4,3,4,3,4,3,4,4,3,3,3,3,3,3,3,3,3,3,3,4,4,3,4,4,3,3,3,3,4,3,3,3,3,3,3,3,3,3,3,4,3,3,3,3,3,3,3,3,3,4,4,3,3,3,3,3,3,4,3,3,3,3,3,3,3,3,4,3,3,3,3,3,3,3,3,4,3,3,3,4,4,3,3,3,3,3,3,4,3,4,3,3,3,3,3,4,3,4,3,3,3,4,3,3,3,4,3,3,3,3,3
214,4,4,2,4,5,5,5,5,3,4,5,3,3,4,3,2,3,4,4,3,5,3,5,3,5,2,3,4,2,5,4,5,5,4,4,3,2,5,2,4,3,3,3,5,3,5,4,3,3,4,5,5,5,5,3,4,4,4,4,3,3,5,5,3,3,4,3,2,2,3,5,5,5,4,5,4,4,3,3,5,5,3,4,4,4,2,4,5,3,3,4,4,5,4,3,3,3,1,1,2,5,5,2,1,4,3,3,4,5,3,2,3,2,5,4,4,2,3,5,5,2,2,5,4,3,3,3,3,2,1
215,4,3,3,3,4,3,4,3,3,3,3,3,4,2,3,2,3,3,3,4,3,3,3,3,3,4,4,2,2,4,3,3,3,3,3,2,3,3,4,2,3,3,3,3,2,2,3,4,3,3,2,3,3,4,3,3,3,3,3,3,3,3,3,4,2,4,3,2,3,3,3,2,3,2,2,3,3,3,3,3,4,3,4,2,2,3,3,4,4,4,4,3,3,3,3,3,2,3,3,4,4,3,3,2,4,3,4,3,3,2,3,3,3,3,3,3,3,3,3,3,4,3,1,3,4,3,2,2,3,3
216,3,3,3,3,3,3,3,3,3,3,3,3,3,3,3,3,3,3,3,3,3,3,3,3,3,3,3,3,3,3,3,3,3,3,3,3,3,3,3,3,3,3,3,3,3,3,3,3,3,3,3,3,3,3,3,3,3,3,3,3,3,3,3,3,3,3,3,3,3,3,3,3,3,3,3,3,3,3,3,3,3,3,3,3,3,3,3,3,3,3,3,3,3,3,3,3,3,3,3,3,3,3,3,3,3,3,3,3,3,3,3,3,3,3,3,3,3,3,3,3,3,3,3,3,3,3,3,3,3,3
217,5,5,4,5,5,5,4,3,3,5,5,5,5,5,4,5,5,3,5,5,5,5,5,5,5,5,4,4,5,5,5,3,5,3,5,4,5,5,5,5,5,5,5,4,5,4,5,5,5,5,5,5,5,3,5,5,3,5,5,5,5,3,5,4,3,5,5,5,5,5,3,5,5,5,5,3,4,5,5,3,5,5,5,5,5,3,5,5,5,5,5,5,3,3,5,4,3,5,5,5,4,5,5,4,5,3,3,5,5,3,5,3,4,4,3,5,3,3,3,3,4,4,5,5,4,3,3,5,5,3
218,3,3,5,4,5,3,4,4,3,2,2,5,4,3,4,4,3,5,4,5,1,4,5,1,5,5,5,4,4,4,2,1,1,4,2,3,3,3,5,5,5,4,4,3,2,2,4,5,4,5,1,5,5,5,4,1,2,4,5,5,3,4,5,5,5,2,2,3,4,5,4,5,2,1,4,4,5,5,5,4,5,4,5,3,4,4,3,4,1,1,5,2,3,1,4,1,4,1,4,5,4,3,4,1,3,2,4,3,4,4,3,5,5,2,5,4,5,3,5,2,5,4,4,5,3,4,2,1,5,5
219,2,4,4,2,5,3,3,4,1,4,3,3,3,4,4,1,4,4,1,3,2,3,3,4,4,3,3,2,3,4,4,2,2,4,4,4,1,4,3,3,2,3,3,1,4,2,4,4,4,4,4,4,4,5,3,4,3,4,3,3,4,3,3,3,3,5,4,2,3,4,1,3,3,4,2,1,2,3,3,4,4,3,4,2,3,4,4,3,4,3,3,4,3,2,4,4,4,1,4,4,5,4,2,1,4,1,3,3,3,4,4,3,3,4,4,4,4,4,5,3,3,1,2,4,4,4,4,4,4,4
220,4,3,3,1,4,2,5,5,1,3,5,3,4,5,4,2,3,1,1,4,5,4,3,4,3,3,4,2,2,3,4,2,5,3,4,4,2,4,1,4,4,3,4,5,5,4,3,5,3,5,5,5,5,4,3,4,3,3,2,5,5,3,5,4,5,3,5,3,5,5,4,5,3,3,2,5,4,5,4,5,3,2,5,1,5,3,2,4,2,4,2,3,1,5,5,3,2,2,1,5,2,1,5,3,5,2,5,2,5,4,5,4,5,5,2,5,1,5,3,5,4,3,5,4,5,3,5,2,2,5
221,4,4,3,4,5,3,4,3,1,4,3,3,2,3,3,4,4,3,4,4,3,3,5,3,3,3,3,3,3,3,2,4,3,2,2,3,3,4,4,3,4,4,3,2,3,2,3,4,4,2,2,2,2,2,4,2,2,2,3,3,2,3,3,4,4,4,2,3,4,4,3,3,4,2,2,3,3,4,4,2,3,4,3,2,2,3,3,4,3,3,3,3,2,3,3,4,4,3,3,3,2,3,3,4,3,3,4,4,3,3,4,2,3,4,4,2,3,3,3,3,4,3,3,3,4,4,3,2,4,3
222,3,4,4,2,3,3,4,3,3,4,3,2,5,3,2,2,3,4,4,4,4,3,3,3,4,3,5,2,2,3,4,3,4,4,3,4,3,3,2,5,3,5,3,2,2,3,3,3,2,5,3,2,3,2,4,3,2,2,5,2,3,4,4,4,3,2,4,2,2,4,2,2,3,2,4,2,5,3,2,2,4,3,2,2,4,5,3,4,3,4,3,3,2,3,5,2,2,3,2,4,2,3,2,3,3,2,3,4,2,2,2,2,3,5,2,2,2,2,4,3,4,2,3,2,4,5,3,3,3,2
223,2,3,4,2,4,3,3,2,3,2,2,2,5,2,2,2,3,3,3,5,3,4,2,2,3,3,5,2,2,3,3,3,3,4,2,3,2,3,3,3,2,5,3,2,2,3,3,2,2,5,4,2,3,3,4,3,4,3,3,3,3,3,4,2,2,2,3,3,2,3,3,3,3,3,3,2,4,4,3,3,3,3,3,3,4,5,3,3,3,3,3,3,2,3,4,2,3,3,3,3,3,3,2,2,3,3,3,3,3,3,3,3,3,4,2,4,3,2,2,2,3,3,3,3,3,3,4,2,2,2
224,1,4,4,3,5,3,5,4,3,5,4,5,5,4,4,1,3,4,4,5,5,3,5,5,5,1,4,1,1,4,4,4,5,3,4,4,1,4,1,5,1,5,4,5,4,4,3,3,3,5,5,5,3,5,4,4,5,5,4,1,4,4,4,4,5,4,4,3,2,4,5,5,4,4,5,4,5,4,4,4,5,4,5,3,4,5,4,4,4,4,4,5,5,4,4,3,3,1,3,4,5,4,4,1,4,5,4,4,4,3,3,4,3,4,5,4,4,3,5,4,5,1,3,4,4,5,5,4,3,4
225,5,5,4,5,4,4,4,4,5,2,3,3,5,5,3,5,3,3,3,1,2,2,4,5,4,5,5,4,4,2,5,3,4,4,4,4,5,5,5,4,3,4,3,4,3,4,3,5,3,3,3,3,4,3,3,3,4,5,2,4,4,4,4,4,3,4,5,5,3,4,4,4,5,2,3,3,2,3,4,4,4,4,3,3,3,3,3,5,3,4,4,3,4,5,3,2,3,3,3,5,2,5,1,2,2,2,1,2,4,4,4,3,5,4,4,2,2,5,3,4,2,4,3,4,4,2,5,4,4,5
226,3,4,3,2,3,3,3,4,2,4,4,5,5,4,2,2,3,3,3,4,3,4,3,4,4,4,5,2,4,3,4,3,4,3,4,3,3,3,4,5,4,4,4,3,3,3,3,3,2,3,3,3,4,3,3,3,4,3,4,4,4,3,4,4,4,3,4,3,4,4,3,2,4,3,5,3,5,4,4,3,4,4,5,3,4,5,3,4,3,3,3,3,4,3,4,3,3,3,3,4,4,4,4,3,3,3,4,3,3,2,3,4,4,4,3,3,4,3,3,3,4,2,4,2,4,4,3,3,3,3
227,2,4,3,2,4,3,4,3,2,3,2,3,5,4,3,2,3,3,2,4,3,3,4,4,3,3,4,2,3,3,4,2,2,3,4,3,2,3,3,4,3,4,3,2,3,2,4,2,2,4,2,4,4,4,3,2,3,2,4,3,4,4,4,3,2,4,4,3,2,4,2,4,2,4,2,2,4,4,2,2,4,3,3,2,3,4,3,3,3,2,3,3,3,2,4,3,3,2,2,3,4,3,2,2,3,3,2,3,3,3,3,3,3,4,3,3,3,3,3,3,3,2,3,4,4,4,2,3,2,4
228,3,4,5,3,4,3,4,4,3,4,2,3,5,4,3,5,4,5,3,5,3,5,4,5,3,4,5,3,3,3,5,4,3,5,4,4,4,3,5,4,3,4,5,2,4,3,4,4,4,5,3,3,3,3,3,2,4,3,5,3,4,4,4,3,5,5,5,3,3,5,4,3,2,4,3,3,3,5,4,4,4,5,4,3,5,4,4,4,4,5,4,4,3,2,5,5,4,5,5,5,5,4,4,4,4,3,4,3,3,4,3,5,3,5,5,5,4,4,4,3,4,4,2,4,5,4,3,3,5,5
229,3,4,4,5,4,4,4,5,3,4,3,3,3,4,4,1,4,3,3,3,3,5,5,4,5,4,3,3,4,5,4,5,3,5,4,4,3,4,3,4,3,3,4,3,3,5,4,3,3,4,5,5,5,5,3,3,4,4,3,4,3,4,4,3,4,4,4,3,3,4,5,5,3,3,5,4,3,3,4,5,5,4,3,3,4,4,4,4,3,3,3,5,3,3,3,3,3,3,3,4,5,3,3,3,4,3,3,4,3,3,4,3,3,5,5,4,3,3,5,3,3,3,3,4,4,4,3,4,3,3
230,3,4,3,3,4,3,3,2,3,3,4,4,2,3,3,1,3,3,3,3,3,4,3,3,3,3,3,3,3,3,3,3,3,3,3,3,3,3,3,3,3,3,3,3,3,3,3,3,3,3,3,3,3,3,3,3,3,3,3,3,3,3,3,3,3,3,3,3,3,3,3,3,3,3,3,3,3,3,3,3,3,3,3,3,3,4,4,4,5,3,2,3,3,3,3,3,3,3,3,3,3,3,2,3,3,2,2,2,3,3,3,3,3,3,3,3,4,3,3,3,3,3,3,3,3,3,3,3,3,3
231,3,4,5,4,3,3,3,3,4,4,3,4,4,4,2,1,3,3,4,4,2,4,1,4,1,2,4,3,1,2,3,3,1,5,3,1,2,3,2,5,3,4,3,2,3,1,3,2,3,5,2,1,3,1,4,3,5,2,4,3,2,1,4,3,5,3,4,2,2,5,3,2,4,4,2,1,4,4,4,1,1,3,3,2,5,4,3,2,3,2,3,2,1,2,4,4,2,1,2,4,1,4,2,3,2,3,4,2,2,2,4,5,1,5,2,3,3,2,2,3,5,4,2,3,5,5,2,4,3,3
232,2,4,4,3,4,3,4,4,3,4,2,3,4,4,4,3,4,4,4,5,4,4,3,4,3,3,4,4,4,3,4,3,1,3,3,4,2,3,3,4,3,3,3,2,3,2,3,3,3,3,3,3,3,3,4,2,3,3,3,3,3,3,3,3,3,3,3,3,3,3,3,3,3,3,3,3,3,3,3,3,3,3,3,3,3,3,3,3,3,3,3,3,3,2,4,2,3,2,3,4,2,3,2,2,3,3,2,3,3,3,4,2,3,3,3,4,3,3,2,2,3,1,4,5,4,4,2,3,3,5
233,3,4,3,2,5,4,4,3,3,4,4,4,4,4,3,2,4,5,5,5,5,4,5,4,5,3,3,2,3,4,5,4,4,5,4,5,4,4,2,5,4,3,3,3,3,3,4,3,3,5,4,4,4,4,3,4,3,5,4,4,5,4,4,4,4,5,5,4,3,5,4,4,4,5,4,4,4,4,4,5,5,5,4,3,4,5,5,5,3,4,5,4,3,3,5,4,4,3,4,5,5,5,3,4,5,5,3,3,2,4,5,4,2,5,4,5,3,4,5,4,3,3,4,1,4,3,3,4,4,4
234,2,4,2,4,5,3,4,5,3,5,3,5,4,4,5,1,4,3,5,3,4,4,3,5,4,4,4,2,3,3,4,3,2,4,5,3,2,5,4,4,4,4,3,1,3,5,3,4,2,4,4,4,4,4,4,4,2,2,4,4,4,4,4,4,3,4,5,4,4,4,2,4,4,4,5,1,4,4,4,4,4,4,4,2,3,3,3,4,4,2,3,4,5,3,4,3,3,1,4,3,4,4,4,1,4,2,3,4,4,4,4,4,2,4,2,4,4,4,4,4,4,1,4,4,4,3,2,4,2,2
235,3,4,5,5,3,3,4,4,2,3,4,3,4,4,3,2,3,4,3,4,4,4,3,4,4,2,4,3,3,5,4,2,2,3,3,3,3,4,2,4,4,4,3,2,3,3,4,4,3,4,3,4,3,4,3,3,3,2,4,4,3,3,4,4,4,3,3,3,3,4,4,3,4,3,4,3,4,4,4,3,4,4,4,3,3,4,4,4,3,3,4,4,4,3,4,3,3,2,3,4,4,2,3,2,4,3,4,3,2,3,4,4,3,4,4,3,3,3,4,3,4,3,3,4,4,4,3,3,3,4
236,3,4,4,3,4,4,3,3,3,4,3,3,4,4,5,3,4,4,3,4,4,4,3,4,4,3,4,3,3,3,4,3,3,4,5,4,3,4,3,4,4,3,3,2,4,4,4,3,3,5,3,4,4,3,3,3,3,3,4,4,4,4,4,3,4,4,4,3,3,4,3,3,3,3,4,3,3,4,4,3,4,4,4,2,4,3,3,4,4,3,3,4,3,2,4,4,2,1,3,4,4,3,4,1,4,2,3,3,4,3,3,3,3,4,4,4,3,4,3,3,4,2,2,4,5,3,3,3,3,4
237,3,3,4,1,5,5,4,3,3,4,5,5,4,4,1,3,3,3,4,4,4,4,3,5,3,3,4,1,4,5,4,3,4,3,4,4,4,1,4,5,5,4,4,5,3,1,4,4,5,4,4,5,4,5,3,1,2,3,5,5,3,4,5,5,3,4,4,5,5,3,4,3,4,3,1,4,5,5,3,3,5,4,5,2,3,4,4,4,3,4,5,4,4,2,4,3,3,3,5,3,5,5,5,4,4,2,4,3,1,3,5,5,5,4,5,2,5,3,3,3,4,4,1,1,3,3,3,4,4,5
238,4,4,2,2,3,3,1,2,3,3,1,4,5,3,4,3,3,4,4,5,2,5,2,4,2,5,2,2,4,2,5,3,3,5,3,5,4,5,5,5,5,5,2,2,2,3,4,3,4,3,4,2,2,2,4,3,3,4,2,2,2,4,4,3,2,3,2,2,1,1,2,4,3,3,2,2,3,2,3,3,2,3,2,2,2,2,3,3,4,2,2,2,4,4,2,2,2,4,2,2,2,4,3,3,3,2,4,3,3,3,2,2,4,3,4,5,3,2,4,2,2,2,4,3,3,3,2,4,4,4
239,2,3,3,2,4,4,4,4,4,5,3,5,4,5,3,3,3,3,4,4,3,5,4,5,4,4,4,3,4,3,5,4,3,3,3,4,3,4,4,4,3,3,4,3,5,4,5,4,3,3,3,3,3,4,3,1,5,3,4,4,4,4,4,4,1,3,5,4,4,3,3,3,3,4,3,3,3,4,4,3,4,3,4,3,5,3,4,3,4,5,4,3,3,3,3,3,3,2,5,4,3,3,3,3,3,3,3,3,1,3,5,5,4,3,3,3,4,4,3,3,4,1,3,2,5,4,3,3,4,5
240,4,5,5,3,5,4,5,5,3,5,5,3,4,4,4,3,4,5,4,5,5,5,5,5,5,5,4,3,5,5,5,5,5,5,5,5,3,4,5,5,5,5,5,5,5,3,5,5,5,5,5,5,5,5,5,3,5,5,5,5,5,5,5,5,5,5,5,5,5,5,5,5,4,5,3,5,4,5,5,5,5,5,5,3,5,5,5,5,5,5,5,5,5,5,4,5,4,3,5,5,5,4,5,3,4,5,4,5,3,5,5,5,5,5,5,4,5,5,5,5,5,5,5,4,5,4,5,5,5,5
241,1,3,3,3,4,3,3,3,3,3,3,3,5,4,3,3,3,3,3,3,3,3,3,4,3,4,3,3,3,4,3,4,3,3,2,3,3,4,3,3,4,4,3,2,2,2,2,3,3,3,3,3,3,3,3,3,3,3,3,3,3,3,3,3,3,3,3,3,3,3,3,3,1,3,3,3,2,3,3,3,3,2,3,4,3,2,3,2,3,3,3,2,2,2,2,2,2,2,2,2,2,2,3,3,3,3,3,3,3,3,3,3,3,2,2,2,2,2,2,2,2,1,3,3,3,3,3,4,3,3
242,3,3,4,1,4,4,3,3,1,3,3,3,4,4,3,2,4,4,3,5,4,3,2,4,4,2,4,3,2,3,4,3,3,4,4,4,2,3,2,5,4,4,4,2,4,4,3,3,2,4,4,4,3,3,4,4,4,2,5,3,3,4,5,4,4,4,4,4,3,4,3,3,3,4,3,3,5,3,4,4,4,4,4,3,4,4,3,2,4,4,4,3,3,3,5,5,3,1,2,5,3,2,3,1,4,3,4,4,3,3,3,3,3,3,3,4,3,3,3,2,3,2,3,2,4,4,3,2,3,4
243,5,3,5,5,5,5,4,3,3,5,4,3,5,4,5,2,4,3,5,5,3,5,4,5,4,3,4,5,5,5,5,4,4,5,4,4,4,5,2,4,5,4,5,5,4,5,4,2,3,5,5,4,5,4,4,4,3,5,5,4,5,3,5,4,5,5,5,5,2,5,3,3,4,2,5,4,5,2,4,3,4,5,5,5,5,5,5,5,4,4,5,5,5,5,5,5,4,3,2,4,4,4,3,2,4,3,4,5,5,4,4,5,2,3,4,5,2,3,4,5,3,3,4,5,5,4,4,5,5,5
244,2,4,5,2,4,3,3,4,1,3,3,4,4,3,2,1,3,4,3,4,4,5,3,3,3,3,4,2,1,4,3,3,3,3,3,2,1,2,1,5,3,4,3,2,3,3,3,4,1,5,3,4,4,3,3,1,3,4,5,5,3,4,4,4,4,4,3,1,4,4,3,4,3,3,3,3,4,4,4,4,4,4,4,1,3,4,2,2,2,3,1,3,4,2,4,2,2,1,4,5,5,3,4,1,3,3,4,2,1,1,1,1,4,3,3,4,4,3,4,2,4,1,1,1,4,4,2,2,4,4
245,4,3,3,5,5,4,4,3,4,4,3,4,4,4,4,4,4,3,4,5,2,4,4,5,4,4,4,4,4,4,4,3,3,2,3,3,4,4,2,4,4,3,3,2,3,3,4,4,3,4,2,2,3,3,4,2,4,2,1,1,2,3,4,4,3,2,4,3,3,4,1,3,3,4,4,3,3,2,3,3,4,4,4,3,2,4,3,4,3,3,4,3,2,2,4,2,3,1,3,4,3,4,3,3,4,3,2,4,5,4,3,5,4,3,2,3,3,3,3,4,4,3,4,4,4,3,3,5,4,3
246,3,3,3,3,4,4,4,4,3,4,3,4,3,3,3,3,3,3,3,3,3,3,3,4,4,4,3,3,4,4,4,4,4,3,3,3,3,3,3,3,3,3,3,3,3,4,4,4,4,4,2,2,3,2,4,3,3,3,3,3,3,3,3,3,3,4,3,4,4,4,4,2,4,3,4,3,4,4,4,3,4,3,3,3,3,3,3,4,3,4,3,3,3,3,3,3,4,3,4,3,3,4,3,3,3,3,4,3,3,3,4,3,3,3,4,4,4,3,4,3,4,4,3,3,3,3,3,3,3,3
247,3,4,3,4,4,3,3,4,3,4,3,4,5,4,4,3,4,3,3,4,3,4,3,4,3,3,4,2,2,2,3,2,3,3,3,3,3,4,4,5,3,4,3,1,4,3,3,3,4,5,3,3,3,3,4,4,4,3,5,3,3,3,4,4,4,3,3,3,4,4,2,4,3,4,5,3,4,5,4,3,4,2,4,3,2,4,3,3,3,3,3,3,2,2,4,4,3,1,4,5,4,2,5,3,3,2,4,3,3,3,3,3,3,4,3,3,3,3,3,3,5,4,3,5,5,5,2,3,3,4
248,4,4,3,2,5,4,4,3,3,4,5,3,3,4,3,3,4,3,4,3,4,4,5,5,5,3,4,3,3,5,4,3,3,3,4,4,3,4,3,3,3,4,4,5,4,5,4,4,4,3,4,5,4,5,3,3,3,4,4,3,5,5,5,3,3,5,5,4,3,3,5,5,4,4,5,4,4,3,3,5,5,3,4,3,4,3,4,4,4,4,4,4,4,4,3,3,3,3,2,3,5,4,3,3,4,3,3,4,4,3,4,4,3,4,5,5,3,4,5,4,3,5,4,4,5,3,3,4,3,3
249,3,4,4,2,4,2,4,4,1,4,3,4,5,5,3,3,3,3,3,4,4,5,4,4,4,4,5,2,3,3,4,2,3,3,4,2,3,4,4,4,3,4,3,3,4,4,3,3,3,4,3,3,4,4,3,4,4,4,4,4,3,4,4,3,2,3,4,3,3,3,3,4,3,3,4,4,4,4,4,3,4,3,4,2,4,5,3,2,3,4,4,3,3,4,4,3,3,2,2,4,4,2,4,2,4,3,4,3,4,3,2,3,4,3,2,3,4,3,2,3,4,3,3,2,4,4,3,3,2,3
250,3,3,4,3,5,3,3,3,1,4,3,3,4,3,4,1,4,4,3,4,2,4,3,3,4,4,4,1,3,2,4,4,1,4,3,4,1,4,4,5,3,3,3,1,3,4,4,4,3,5,3,3,3,3,3,3,4,4,5,4,4,3,3,4,4,4,4,3,3,4,1,3,1,4,4,3,3,5,5,3,3,4,4,2,4,5,3,3,4,4,3,4,3,3,5,3,4,1,4,5,3,1,3,1,3,2,3,3,4,3,3,3,5,3,3,4,5,3,3,2,5,3,3,3,5,5,3,3,4,5
251,5,5,5,3,5,4,5,5,3,3,3,3,5,5,5,3,5,5,3,5,3,5,3,3,3,3,3,3,3,5,3,5,3,3,5,5,3,5,3,4,4,3,3,3,3,3,3,3,3,3,3,3,3,3,3,4,3,5,5,2,3,4,5,3,4,5,5,5,3,5,5,5,3,5,5,5,5,5,5,5,5,5,3,4,5,5,4,4,4,4,3,3,3,3,3,3,4,3,3,3,4,4,3,4,3,5,3,4,2,4,4,4,4,5,5,5,5,5,5,5,5,5,5,5,5,5,5,4,4,4
252,2,4,4,2,5,4,4,3,2,3,2,3,4,3,2,1,2,3,2,5,2,4,4,4,4,2,4,1,2,3,4,5,4,3,4,4,2,3,4,4,2,2,3,2,4,4,4,2,3,4,4,2,4,4,4,2,4,4,5,4,4,4,4,4,4,5,4,2,2,4,2,2,2,4,4,4,4,4,4,2,3,4,4,2,4,4,3,4,4,4,4,2,4,1,4,4,3,1,2,5,5,4,3,1,4,2,3,3,2,2,4,5,3,5,3,2,3,3,3,2,4,2,2,2,4,4,2,3,2,4
253,2,4,3,3,4,4,4,4,2,4,3,4,4,4,2,2,3,3,3,4,4,4,4,3,4,4,4,2,2,3,4,3,4,2,4,3,2,4,4,4,3,3,3,3,4,3,3,4,2,3,3,3,4,3,3,3,4,4,3,3,4,4,2,4,2,4,4,3,4,2,3,3,3,4,4,4,4,4,4,4,4,3,4,3,3,4,4,4,4,4,4,4,4,4,4,3,2,1,4,3,4,4,4,2,4,4,3,3,3,3,4,4,4,2,3,3,4,3,3,3,4,4,3,3,4,3,4,4,4,4
254,3,4,3,3,4,3,3,3,3,3,3,3,2,3,3,3,4,3,3,3,3,3,4,4,4,3,2,3,3,4,4,2,3,4,4,3,3,4,3,4,3,3,3,3,3,3,3,3,3,3,3,3,3,3,3,3,3,3,3,3,3,3,3,3,3,3,3,3,3,3,3,3,3,3,3,3,3,3,3,3,3,3,3,3,3,3,3,3,3,3,3,3,3,3,3,3,3,3,3,3,3,3,3,3,3,3,3,3,3,3,3,3,3,3,3,3,3,3,3,3,3,3,3,3,3,3,3,3,3,3
255,3,4,4,2,4,3,4,1,3,5,5,3,3,5,5,3,3,3,4,4,3,4,4,4,2,4,3,3,3,4,4,3,3,2,4,2,3,3,4,4,4,3,4,5,4,4,4,4,4,4,3,3,4,4,4,4,4,3,4,4,4,4,5,4,2,3,4,4,3,3,4,1,4,4,5,3,3,4,3,2,3,2,4,4,4,2,3,3,3,4,4,4,3,4,3,3,3,2,4,3,4,4,4,2,3,4,2,4,5,4,5,4,3,4,3,3,4,3,4,5,3,4,4,4,4,3,3,3,4,3
256,4,1,3,4,4,3,3,5,3,4,4,4,3,5,4,1,1,1,1,1,3,3,3,3,3,4,4,3,3,3,3,3,3,3,3,3,3,3,3,3,3,3,3,3,3,3,3,3,3,3,3,3,3,3,3,3,3,3,4,3,3,3,3,3,3,3,3,3,3,3,3,3,3,3,3,3,3,3,3,3,3,3,3,3,3,3,3,3,3,3,3,3,3,3,3,3,3,3,3,3,3,3,3,3,3,3,3,3,3,3,3,3,3,3,3,3,3,3,3,3,3,3,3,3,3,3,3,3,3,3
257,4,4,5,3,4,5,4,5,4,4,5,5,5,5,5,3,3,2,4,5,4,3,4,5,5,4,5,3,3,4,5,5,5,5,5,4,3,3,3,5,5,5,5,4,4,4,4,5,4,5,5,4,4,4,5,3,4,4,5,3,4,4,5,5,4,4,4,4,3,5,3,5,4,4,4,4,5,3,5,5,5,3,5,4,5,5,4,5,3,5,5,5,5,2,5,4,3,1,4,5,5,5,4,1,5,2,5,4,4,4,4,5,4,5,4,2,4,3,2,4,3,4,5,2,4,3,4,4,4,2
258,5,4,4,5,4,3,3,3,2,4,4,4,3,4,5,5,4,4,3,3,3,4,4,4,4,4,2,4,4,4,3,4,4,4,4,4,5,5,3,3,3,4,3,5,3,5,4,4,5,4,3,5,5,4,4,4,4,4,3,4,4,4,4,4,3,5,3,3,4,3,4,4,5,4,5,3,1,3,3,3,4,4,4,4,3,1,4,4,4,4,5,4,4,5,2,4,4,1,4,4,4,4,3,1,4,4,2,4,4,4,4,4,4,3,4,4,3,3,3,4,3,4,3,4,3,3,3,4,4,5
259,3,3,4,4,4,3,5,2,1,3,4,3,4,3,3,1,3,4,3,4,3,5,4,4,5,2,5,1,1,4,3,2,3,3,3,2,4,4,2,5,5,4,2,3,2,2,3,5,4,4,4,4,5,3,5,3,1,2,3,1,4,1,3,5,3,4,3,5,2,3,3,4,5,2,2,2,1,2,3,2,1,3,3,2,1,1,5,2,2,1,3,3,1,2,4,4,3,4,2,4,2,4,4,5,3,4,5,4,4,2,4,3,4,3,5,2,5,3,4,5,4,3,5,3,5,3,5,3,5,5
260,4,4,5,3,4,4,3,4,5,5,5,5,5,4,4,3,3,4,4,5,4,4,4,3,4,4,5,2,3,4,3,3,4,4,3,4,4,4,4,4,5,4,4,4,3,5,4,4,3,4,4,4,4,5,4,3,4,4,5,4,4,4,5,4,4,4,4,3,4,4,5,5,4,3,4,4,3,4,4,4,5,4,4,4,4,5,4,4,3,4,4,5,4,3,4,3,4,4,4,4,5,4,4,3,4,3,4,4,4,4,4,3,3,4,5,4,4,3,4,3,4,3,3,4,4,4,3,4,4,4
261,3,4,2,3,2,4,3,4,3,4,2,4,4,4,3,2,3,1,4,4,2,3,3,4,1,3,4,1,2,3,4,1,1,1,5,2,4,3,2,4,4,3,4,2,3,3,3,2,3,5,1,1,1,3,4,3,3,3,4,3,3,3,4,4,1,1,3,4,3,3,4,3,4,3,3,3,4,4,4,1,3,3,4,2,3,4,3,5,3,3,5,4,2,2,4,2,1,3,2,4,3,3,3,3,4,2,4,4,4,1,3,4,3,1,1,1,2,2,5,1,3,2,4,4,4,4,2,4,3,1
262,4,3,4,4,4,4,4,4,3,4,4,4,5,4,4,3,4,4,4,4,3,3,4,4,4,3,4,4,4,4,4,4,4,4,4,4,3,3,3,4,4,4,4,3,3,3,4,4,4,4,4,4,4,4,4,3,4,4,5,3,4,4,4,4,4,4,4,4,4,4,4,4,4,4,4,4,5,4,4,4,4,4,4,4,5,4,4,4,4,4,5,4,5,4,4,4,4,4,3,4,4,4,4,4,4,4,4,4,4,4,4,3,4,4,5,4,3,3,3,3,5,4,4,4,5,4,3,4,4,4
263,4,3,2,1,5,3,5,5,4,5,4,2,4,3,1,1,5,5,4,4,5,4,5,4,5,1,3,1,1,5,3,3,5,3,3,3,4,1,1,3,1,4,4,5,3,1,3,2,2,4,5,5,5,5,4,1,2,5,3,2,2,5,5,1,1,3,3,3,2,2,5,5,5,2,1,5,4,2,5,5,5,5,2,1,1,4,4,1,1,1,3,1,3,4,5,2,2,1,1,3,5,5,3,1,1,5,3,3,1,1,3,4,5,5,5,3,1,1,5,5,1,5,1,1,3,5,5,3,1,4
264,3,3,3,3,3,3,3,3,3,3,3,3,3,3,3,3,4,4,4,4,4,4,4,4,2,3,3,4,4,3,3,3,3,3,3,3,3,3,3,3,3,3,3,3,3,3,3,3,3,3,3,3,3,3,3,3,3,3,3,3,3,3,3,3,3,3,3,3,3,3,3,3,3,3,3,3,3,3,3,4,3,3,3,3,3,3,3,3,3,3,3,3,3,3,4,3,3,3,4,4,4,2,1,4,5,4,3,3,4,3,2,1,4,5,1,4,1,4,5,3,3,3,5,3,3,5,5,2,4,4
265,1,3,4,2,3,2,2,1,3,4,3,3,4,3,3,1,3,5,2,4,2,4,2,3,3,3,3,3,3,3,3,3,3,3,3,3,3,3,3,3,3,3,3,3,3,3,3,3,3,3,3,3,3,3,3,3,3,3,3,3,3,3,3,3,3,3,3,3,3,3,3,3,3,3,3,3,3,3,3,3,3,3,3,3,3,3,3,3,3,3,3,3,3,3,3,3,3,3,3,3,3,3,3,5,3,1,3,4,2,2,4,3,3,3,3,3,4,2,3,3,3,3,3,3,3,3,3,3,3,3
266,4,2,3,4,4,4,3,2,3,4,4,2,4,2,5,1,5,4,3,4,5,3,4,2,4,5,5,4,3,3,4,2,5,4,3,4,4,5,2,4,5,4,3,4,5,2,5,5,5,2,5,2,3,5,5,4,2,5,4,4,2,5,4,5,3,5,3,4,5,4,5,4,3,3,4,5,3,4,3,2,5,5,5,5,5,5,5,5,4,3,4,5,3,5,4,3,5,4,3,4,5,4,3,4,5,3,5,4,4,5,3,4,5,3,4,4,5,5,3,4,5,4,3,5,4,5,4,3,4,5
267,5,4,3,5,3,4,4,5,4,3,5,4,4,3,5,3,5,3,4,1,2,4,5,4,5,4,3,3,5,3,4,5,5,4,3,4,3,3,5,4,4,5,3,5,4,3,3,5,4,5,3,5,3,5,4,4,3,3,5,3,5,3,5,3,5,3,4,4,5,4,3,3,5,3,5,3,4,5,4,4,3,5,3,1,4,5,4,3,5,2,3,1,5,4,5,4,5,3,5,5,3,2,5,3,5,3,5,4,5,4,5,5,3,5,3,4,5,4,3,5,3,5,4,2,5,3,5,4,4,4
268,2,4,5,2,4,4,4,3,1,4,4,3,4,4,3,2,3,4,3,4,2,4,4,3,4,3,4,2,2,3,4,2,3,4,5,4,2,3,4,5,4,4,4,2,4,2,4,4,3,4,5,3,4,3,4,1,2,4,4,5,4,4,4,4,4,4,4,3,3,4,4,5,2,3,4,4,4,5,4,4,4,3,4,3,4,4,3,4,4,4,4,3,4,3,4,3,3,1,4,3,4,3,3,2,4,2,4,4,4,4,2,4,4,3,3,4,4,3,2,2,3,2,3,2,4,4,2,3,4,4
269,4,3,5,4,4,2,3,2,1,2,4,3,5,4,5,5,3,3,3,5,5,5,5,5,5,5,5,3,2,5,4,4,3,4,5,3,3,5,5,5,5,5,5,5,5,5,3,5,4,5,4,5,5,5,5,5,5,2,5,5,4,3,3,5,5,5,4,2,2,4,5,5,5,4,5,4,4,3,2,4,5,1,4,1,4,4,4,4,4,4,3,3,3,3,5,1,3,1,5,5,5,5,3,3,4,3,3,3,4,3,3,5,3,4,4,3,3,2,2,3,3,4,1,4,4,4,1,1,4,5
270,3,3,5,5,5,5,3,3,3,4,3,3,4,3,5,2,4,3,5,4,3,3,2,4,5,4,4,2,1,3,4,3,3,5,5,3,3,5,3,5,4,4,5,3,4,3,5,3,2,5,3,4,5,3,4,5,4,2,4,4,5,2,5,3,5,5,5,4,3,5,3,2,2,5,5,3,4,3,5,4,2,3,4,4,5,5,3,5,4,5,4,4,2,2,4,4,5,4,4,5,3,3,3,4,4,1,3,4,5,5,3,3,3,4,3,5,3,5,3,3,3,1,5,5,4,3,1,5,3,5
271,5,4,5,3,5,5,2,3,2,5,4,4,5,3,4,4,4,5,4,5,4,5,4,5,5,3,5,4,4,5,4,5,4,5,4,5,4,4,5,4,5,4,5,4,5,5,4,5,4,5,4,5,5,4,5,4,5,5,4,5,4,5,4,4,4,5,5,4,5,4,4,5,4,3,5,4,5,4,4,5,4,4,4,5,4,5,4,3,5,5,4,4,3,5,4,5,4,5,4,4,5,5,5,5,4,4,5,4,4,4,5,4,4,5,4,5,4,5,5,5,5,5,5,5,5,5,4,5,4,5
272,5,5,5,4,4,5,5,4,4,5,4,5,4,4,5,3,5,5,4,5,5,5,4,5,4,4,5,4,5,5,5,4,5,5,5,5,5,4,5,4,5,4,5,4,5,5,4,5,5,4,5,5,5,4,5,5,4,5,5,4,3,3,5,5,5,5,5,4,5,4,5,4,5,4,5,5,4,4,5,4,5,4,5,4,5,4,5,5,4,5,4,5,4,5,3,5,5,5,5,5,5,5,4,5,4,5,4,5,5,5,5,4,5,4,5,4,5,5,4,5,4,5,5,4,5,4,5,4,4,5
273,3,4,4,3,4,3,3,3,3,4,3,3,4,3,3,3,3,3,4,4,4,3,3,3,3,4,4,3,2,3,3,3,3,3,3,3,3,3,3,4,3,3,3,2,2,3,2,3,3,3,3,3,3,3,3,2,2,2,3,3,3,3,4,3,3,3,3,3,3,3,3,3,3,3,3,3,3,3,3,3,3,3,3,3,3,3,3,3,3,3,3,3,3,3,4,4,3,3,3,3,3,3,3,3,3,3,3,3,3,3,3,3,3,3,3,3,3,3,3,3,3,2,3,3,3,3,3,3,3,3
274,5,5,4,4,4,4,5,5,5,4,4,4,4,4,4,4,4,5,5,5,5,5,5,5,5,4,4,4,4,4,4,4,4,3,4,4,4,4,4,4,4,4,4,4,4,4,4,4,4,4,4,4,4,4,4,4,4,5,4,4,4,4,4,4,4,4,4,4,5,4,4,4,4,4,4,4,4,4,4,4,4,2,3,4,5,5,5,5,5,4,4,4,4,4,4,4,4,4,4,4,4,4,5,3,4,3,5,5,5,5,5,5,5,5,5,5,5,5,5,5,5,5,4,5,4,5,5,4,1,1
275,3,3,2,2,3,3,2,1,2,1,2,2,1,4,2,2,2,2,2,2,4,3,2,3,3,3,3,3,3,3,3,2,4,2,2,2,2,3,3,3,3,3,3,3,3,3,3,3,3,3,3,3,3,3,3,3,3,3,3,3,3,3,3,3,3,3,3,2,3,3,3,3,3,3,3,2,2,2,3,3,4,3,2,4,3,4,4,2,2,3,4,2,4,3,3,3,2,2,3,3,3,4,4,2,4,2,4,3,3,3,3,3,3,3,4,2,4,4,2,2,2,3,3,2,3,2,3,3,3,3
276,4,5,3,3,4,4,3,2,1,4,4,4,4,5,4,2,4,1,4,4,2,2,4,3,4,3,3,1,2,3,3,4,4,3,4,4,3,3,3,4,4,3,4,2,4,4,4,4,3,5,3,4,4,4,4,3,4,4,4,3,4,3,5,5,4,4,4,4,3,3,4,5,3,5,4,3,3,4,4,5,4,3,4,5,4,4,4,4,4,4,5,4,5,2,4,3,4,1,4,3,4,5,3,1,4,2,2,4,2,3,4,4,3,4,4,4,3,4,4,3,3,4,4,1,4,3,3,4,2,4
277,2,5,3,3,5,5,5,4,2,4,2,2,5,4,4,2,5,5,2,5,4,4,2,5,3,3,2,1,5,4,3,3,4,3,3,3,2,2,2,3,2,2,2,3,1,1,5,5,4,2,2,1,4,3,3,3,2,5,5,4,2,2,1,2,3,1,1,2,5,5,5,4,3,4,4,4,3,3,3,3,3,3,3,4,1,3,1,1,2,1,2,4,4,3,3,1,5,5,5,2,3,2,2,2,2,2,2,5,4,4,3,3,4,4,4,5,4,3,2,3,2,2,3,3,5,5,5,5,5,5
278,2,4,3,5,5,5,4,5,3,5,1,2,3,4,4,1,4,1,4,5,5,5,1,5,2,4,4,5,1,1,5,1,1,1,2,4,1,4,2,5,3,4,5,1,4,5,5,5,1,2,2,1,3,1,1,2,1,5,3,5,5,5,1,1,1,3,5,4,2,2,2,4,1,4,5,3,3,5,4,2,3,3,4,4,4,2,4,4,4,4,4,4,4,3,4,3,4,1,3,4,4,2,2,1,4,4,2,5,5,4,3,4,4,2,2,2,4,2,2,2,3,2,4,2,5,4,4,4,4,1
279,4,3,3,4,3,4,4,3,4,3,4,3,4,3,3,4,3,3,3,4,4,3,5,3,5,3,3,3,5,5,5,5,5,5,5,5,5,5,5,5,5,5,5,5,5,5,5,5,5,5,5,5,5,5,5,5,5,5,5,5,5,5,5,5,5,5,5,5,5,5,5,5,5,5,5,5,5,5,5,5,5,5,5,5,5,5,5,5,5,5,5,5,5,5,5,5,5,5,5,5,5,5,5,5,5,5,5,5,5,5,5,5,5,5,5,5,5,5,5,5,5,5,5,5,5,5,5,5,5,5
280,3,3,3,4,3,4,2,2,2,4,2,2,4,4,4,3,3,3,3,4,3,3,4,4,3,4,4,3,3,4,4,2,2,2,2,3,3,3,3,3,3,4,3,2,2,3,3,3,3,4,3,3,3,3,3,3,4,3,5,4,4,4,4,4,4,4,4,4,3,3,3,2,2,4,4,4,4,4,4,3,4,4,4,3,4,4,3,3,4,4,3,4,4,3,4,4,3,2,3,3,3,3,3,3,3,5,4,3,4,3,3,3,4,4,3,4,4,4,4,4,4,4,3,4,4,4,4,3,4,4
281,4,4,4,2,4,5,3,1,3,4,4,4,3,5,1,1,4,3,3,3,2,1,3,3,3,1,1,2,3,4,4,4,4,4,4,3,3,4,2,5,4,2,4,4,4,4,4,1,3,5,2,3,4,4,4,3,2,4,3,3,4,4,5,3,2,4,4,3,2,3,4,4,3,4,4,4,2,4,3,4,4,4,3,4,4,3,3,4,4,4,4,4,5,2,2,3,2,3,4,4,4,4,4,3,4,4,3,3,4,3,4,5,2,5,4,4,4,4,4,4,3,5,3,2,4,3,4,3,4,4
282,4,4,5,3,5,4,3,3,3,4,4,5,5,5,5,3,5,5,4,4,4,5,5,5,5,4,5,3,5,5,3,5,2,3,5,5,3,5,4,4,5,5,3,5,4,3,5,5,5,4,4,5,4,3,3,5,2,2,4,5,4,5,4,3,3,4,5,5,5,5,4,4,4,4,4,4,5,5,3,5,2,5,5,5,4,3,4,3,3,3,5,5,4,4,5,2,2,2,3,5,5,5,5,5,4,4,5,5,5,4,4,4,4,4,5,3,3,3,4,3,3,5,5,4,4,4,5,4,3,3
283,2,5,4,3,3,3,2,4,1,4,2,4,4,5,1,1,5,5,2,2,3,4,1,4,1,2,4,3,4,3,4,4,4,2,3,2,2,2,3,5,2,3,3,4,5,5,3,4,1,5,5,3,4,2,5,3,3,4,3,4,3,4,5,3,4,5,5,4,4,5,1,5,1,4,4,2,2,4,4,4,4,4,4,3,4,4,2,4,4,3,5,3,1,3,3,3,2,1,4,4,4,4,2,1,5,4,5,4,1,2,4,4,4,4,2,2,2,1,1,3,4,2,3,1,5,4,4,3,3,3
284,4,4,4,4,4,3,4,3,5,4,2,3,4,3,3,2,3,4,3,5,1,4,5,4,4,3,4,3,3,5,4,3,2,4,4,4,2,5,4,4,4,4,4,1,3,4,4,4,3,4,3,5,4,5,4,3,3,3,4,5,4,4,2,3,4,3,3,3,3,4,5,4,2,3,4,2,4,4,4,4,4,4,4,2,4,4,4,5,3,4,3,4,4,1,4,4,4,1,2,4,5,3,4,1,3,3,4,4,5,4,2,5,4,4,4,4,4,3,5,2,4,2,3,4,4,4,1,3,4,5
285,3,4,5,3,5,4,2,3,4,4,3,3,4,3,4,4,4,3,3,5,4,2,3,4,3,4,3,3,3,3,3,3,3,3,3,3,3,3,3,3,3,3,3,3,3,3,3,3,3,3,3,3,3,3,3,3,3,3,3,3,3,3,3,3,3,3,3,3,3,3,3,3,3,3,3,3,3,3,3,3,3,4,3,3,3,3,3,3,3,3,3,3,3,3,3,3,3,3,3,3,3,3,3,3,3,3,3,3,3,3,3,3,3,3,4,2,4,2,4,3,3,4,4,4,3,4,3,4,4,4
286,2,4,3,1,5,4,3,1,1,1,1,3,4,5,4,5,2,4,1,5,4,4,3,2,2,1,4,1,1,1,3,2,1,4,1,1,1,1,1,4,1,3,5,5,3,5,5,5,1,5,1,4,1,3,4,1,4,1,4,4,1,1,4,1,3,4,4,4,1,1,1,1,1,1,1,1,2,2,3,1,1,1,2,1,4,2,1,1,1,2,5,1,1,1,4,1,1,1,1,5,5,2,4,4,4,5,1,3,1,1,1,5,1,4,1,3,5,1,4,4,3,1,1,1,5,4,1,1,4,5
287,5,5,4,4,3,4,3,3,3,4,5,5,3,4,4,4,4,4,4,4,3,3,4,3,3,3,3,1,3,4,5,4,3,4,4,3,3,4,4,4,3,3,4,4,3,4,3,4,4,4,2,3,3,4,4,4,3,4,4,4,3,4,5,5,4,4,4,3,3,3,3,4,4,3,2,4,4,4,5,4,3,4,3,3,4,4,3,4,5,3,3,4,4,4,2,4,3,3,3,4,2,3,4,3,4,4,4,3,3,4,2,4,5,3,5,4,3,3,4,5,5,3,3,3,4,4,2,3,3,3
288,3,2,3,3,4,3,3,3,3,3,3,3,3,3,3,3,3,3,4,4,4,4,4,4,4,4,4,4,4,4,4,3,3,3,3,3,4,4,3,3,3,3,3,3,4,4,5,3,5,5,4,5,4,5,3,4,3,3,3,3,3,3,4,4,4,4,4,4,5,4,3,5,5,5,5,3,3,3,3,3,4,5,5,3,3,3,3,3,3,3,4,5,4,3,3,4,3,3,3,4,4,3,3,4,3,4,3,4,2,4,4,4,3,3,5,5,5,3,3,4,3,3,4,3,3,3,4,3,5,4
289,4,4,3,4,2,4,1,4,1,4,3,3,4,4,4,2,3,4,4,3,3,4,4,4,4,3,4,4,1,4,4,2,4,1,4,4,2,4,3,4,4,3,5,4,4,5,3,4,4,4,3,4,4,5,5,3,4,4,5,4,4,4,3,4,3,3,3,4,3,3,4,4,2,3,4,3,2,2,4,4,5,3,3,1,3,5,5,5,4,4,4,4,4,3,5,5,3,1,1,3,5,4,3,1,5,1,3,4,4,1,4,1,3,3,5,3,3,3,5,3,3,4,5,5,4,3,3,3,3,1
290,2,3,3,4,4,3,2,1,2,3,2,4,4,1,4,2,3,4,3,3,2,3,4,3,3,4,4,1,2,3,3,2,1,3,3,3,1,2,4,4,3,2,3,1,1,2,3,3,2,4,4,4,2,3,2,2,3,3,4,3,3,2,2,3,3,3,2,1,4,3,1,1,2,4,3,3,3,3,2,3,4,4,4,1,3,4,3,3,2,2,2,3,3,1,4,2,4,1,4,4,3,3,2,2,2,2,2,2,3,4,2,3,2,2,2,4,4,3,2,1,3,1,2,2,4,4,1,2,4,4
291,5,4,3,4,4,4,4,3,3,3,4,4,4,4,3,3,4,4,4,4,3,3,5,4,4,4,4,4,4,4,4,4,4,4,4,4,3,4,4,4,4,4,4,3,4,4,4,3,4,4,4,4,4,4,4,4,4,4,4,4,4,4,4,4,4,4,4,4,4,4,4,4,3,4,4,4,4,4,4,4,4,4,4,4,4,4,4,4,4,4,4,4,4,3,3,4,4,4,4,4,4,4,4,4,4,4,4,4,4,4,4,4,4,4,5,4,4,4,4,4,4,5,5,4,4,4,4,4,4,5
292,4,3,5,2,3,4,4,5,1,4,5,4,4,2,2,3,4,5,4,3,3,2,4,4,4,3,5,2,2,4,3,2,4,4,5,5,5,3,5,4,5,4,3,4,3,4,5,4,2,5,3,3,4,5,5,2,3,3,5,5,5,5,5,5,4,4,4,3,4,4,2,3,5,4,4,3,5,5,2,4,5,5,5,2,3,3,3,3,4,3,3,4,4,2,4,2,4,2,4,4,5,4,4,1,4,3,4,4,4,5,5,3,3,4,4,4,4,4,5,5,4,4,2,5,5,5,3,2,4,4
293,4,4,5,3,4,4,3,3,3,4,3,3,3,4,4,2,4,4,5,5,3,5,3,4,4,2,2,2,2,3,4,4,3,4,4,4,3,4,3,5,5,3,4,3,3,3,4,3,3,5,3,3,3,3,4,3,3,3,4,3,4,4,4,3,4,4,4,3,3,5,3,3,2,3,3,3,3,3,4,3,4,4,5,3,4,4,3,4,4,4,4,3,5,3,4,3,3,1,3,4,4,4,5,1,5,3,3,4,4,4,3,3,3,4,4,4,3,3,3,3,4,4,4,1,4,4,3,4,3,4
294,4,4,3,3,4,3,4,4,4,4,4,4,4,3,4,5,4,5,5,5,4,4,4,4,4,4,5,3,3,4,4,4,4,4,4,4,4,4,4,4,4,4,3,5,4,4,4,5,4,5,5,4,4,4,4,4,4,4,4,4,5,4,4,4,3,4,4,3,4,3,5,3,4,3,4,4,4,4,4,4,4,4,4,4,4,4,4,4,4,4,4,4,4,4,5,4,4,4,5,5,5,4,4,4,4,4,4,4,4,4,4,4,4,4,4,5,4,4,4,5,4,4,3,4,5,4,3,3,3,5
295,1,4,3,1,1,3,3,3,2,5,3,4,4,5,4,1,3,3,5,5,3,5,2,5,3,3,4,3,4,2,4,2,2,3,4,3,2,3,3,4,4,3,4,1,4,3,3,2,2,3,2,2,3,2,2,1,3,2,3,3,3,2,4,4,3,4,4,4,4,4,2,2,4,4,3,1,3,4,4,1,4,2,4,3,3,4,3,4,3,5,4,3,1,1,3,1,1,1,3,3,4,2,4,1,3,2,4,4,3,4,3,4,4,4,1,3,4,2,1,3,5,3,5,2,5,4,1,3,3,5
296,5,5,5,4,4,4,5,4,4,4,4,4,5,4,4,4,5,4,4,5,5,4,5,5,4,3,5,5,4,4,5,3,5,4,4,3,4,4,4,4,4,5,4,3,3,3,5,3,3,5,3,4,3,4,5,4,4,4,4,3,5,5,4,4,3,4,3,4,4,4,4,3,4,4,3,4,4,4,4,4,4,3,4,4,4,4,4,4,4,3,4,3,4,5,3,4,3,3,4,4,4,5,4,4,4,4,4,5,4,4,4,3,4,4,4,3,5,4,3,3,3,5,3,4,3,4,5,3,4,3
297,2,5,2,4,5,3,2,5,2,5,5,3,5,5,5,5,5,5,1,2,3,4,3,4,3,5,5,5,1,4,4,4,5,2,5,2,2,3,3,5,5,5,4,4,2,2,3,4,2,3,3,2,2,4,3,2,3,2,3,2,3,3,3,3,4,4,4,3,3,5,5,2,5,4,3,4,4,3,4,4,4,4,4,4,4,4,4,4,4,4,4,4,3,5,4,4,4,4,4,4,4,4,4,2,4,4,3,3,2,2,2,3,3,4,3,3,4,4,5,2,3,3,2,3,5,5,5,5,3,5
298,3,4,3,4,4,3,4,3,2,3,2,2,4,3,3,4,3,4,4,5,2,4,3,2,3,4,4,4,2,2,4,3,4,4,4,3,3,4,4,3,2,2,3,4,3,3,3,2,3,2,2,2,4,4,4,4,3,3,3,3,2,4,2,4,3,3,4,2,3,4,2,4,2,4,2,3,4,2,3,4,3,2,3,2,4,2,4,2,3,3,3,2,4,3,2,4,4,3,3,4,4,3,2,2,4,3,2,2,4,3,2,3,4,4,2,4,3,3,4,3,2,2,3,4,3,3,2,4,3,5
299,3,4,5,4,5,3,3,3,2,3,3,3,2,5,4,1,4,4,5,5,4,3,4,3,4,4,3,2,1,4,4,4,2,5,5,4,1,3,4,5,4,2,4,2,4,5,4,4,3,5,4,4,4,5,3,4,5,5,5,4,4,3,4,3,5,5,4,4,4,4,2,5,3,4,4,4,3,5,5,5,5,5,5,3,5,3,5,5,4,4,3,4,5,2,3,4,5,1,5,5,5,4,5,1,4,2,2,4,4,4,4,4,4,5,5,5,5,4,5,3,4,1,4,5,5,3,2,4,3,5
300,4,4,4,3,5,4,4,3,3,4,4,4,4,3,3,3,3,5,5,5,4,4,5,4,4,4,4,4,4,4,4,4,4,4,4,4,4,4,3,4,4,4,4,4,4,4,3,4,3,4,3,3,4,4,3,3,3,4,3,4,4,4,5,4,3,4,3,4,4,4,4,4,4,4,4,4,4,4,4,5,4,3,4,4,4,4,4,4,3,4,4,4,5,5,4,5,4,5,4,4,4,4,5,4,3,5,4,4,4,4,3,4,5,4,4,4,4,4,4,5,5,3,4,4,4,3,3,4,4,5
301,3,4,5,4,4,3,3,3,3,5,3,4,2,3,5,2,3,5,3,3,3,3,3,3,3,3,2,3,3,3,4,4,3,3,5,3,3,3,3,5,3,3,5,3,5,3,3,3,3,4,3,3,4,3,3,2,4,3,2,3,3,3,3,3,5,4,4,3,3,5,3,3,4,5,5,3,3,5,3,3,3,3,3,3,5,3,5,4,4,3,4,3,3,3,3,3,3,2,3,3,3,4,3,2,3,3,3,3,3,4,4,3,3,5,4,5,3,3,3,3,3,2,3,4,5,3,4,4,4,5
302,2,4,1,2,5,3,5,3,4,5,3,1,5,5,4,4,2,5,3,5,4,4,5,3,5,3,5,4,5,5,3,5,5,1,2,1,3,5,1,4,2,5,3,2,4,5,5,2,2,5,5,5,5,5,2,4,5,5,5,1,3,5,4,1,4,5,5,5,3,2,1,5,2,4,3,5,5,5,1,3,2,4,5,5,5,2,2,3,2,5,5,5,3,4,5,4,2,1,5,4,5,1,1,2,5,3,4,5,5,5,3,5,4,1,5,4,1,3,2,2,4,5,5,5,5,5,4,4,3,5
303,4,3,5,3,5,3,3,2,3,4,2,3,3,4,4,2,3,4,4,4,3,5,3,4,3,3,4,2,3,3,4,3,2,4,4,3,3,3,3,4,3,3,3,3,3,3,4,4,3,4,2,3,3,3,3,2,3,3,4,3,4,3,3,3,4,4,4,3,3,4,3,2,4,3,4,3,3,4,3,2,4,4,3,3,4,3,3,4,4,4,3,3,3,2,4,3,4,1,3,5,4,4,3,2,3,3,2,4,3,4,3,3,3,5,3,4,3,3,3,3,4,3,3,3,4,4,3,3,3,4
304,3,2,1,4,4,5,5,4,3,3,4,1,5,5,5,4,3,1,5,5,3,2,5,4,4,1,5,4,2,5,3,2,3,1,2,3,3,4,1,5,4,5,2,3,3,3,3,1,4,5,1,4,3,5,4,3,2,3,5,1,5,5,5,1,3,3,3,4,1,5,4,5,4,3,4,5,5,1,5,3,4,1,1,3,3,5,5,5,4,3,4,3,4,4,5,3,3,3,1,5,5,1,5,3,3,3,5,4,4,3,2,4,2,4,4,2,1,2,4,3,2,3,2,4,2,5,3,4,1,1
305,4,3,4,3,4,3,4,3,4,4,4,3,3,3,5,3,5,4,3,4,3,3,4,3,3,2,4,2,3,3,3,3,3,3,3,2,3,4,3,4,3,3,3,2,2,3,3,3,4,4,4,3,3,3,3,2,4,4,4,3,4,3,3,3,3,3,3,3,3,4,2,2,3,3,4,3,3,5,3,4,3,3,3,2,3,4,3,4,3,3,2,3,3,2,4,3,3,3,3,4,4,4,3,3,3,2,3,3,4,4,3,2,3,5,3,3,3,4,3,2,4,3,3,2,4,4,2,3,3,5
306,2,3,3,2,4,3,1,3,1,4,3,1,4,3,5,1,5,3,3,4,2,4,4,3,1,1,3,1,1,4,4,2,1,3,3,4,1,5,1,3,3,3,3,1,3,3,4,2,1,4,1,1,3,2,1,3,2,1,3,3,4,2,4,2,2,3,4,1,1,1,2,2,2,4,4,2,1,1,1,1,4,4,2,2,3,4,1,3,3,1,1,1,3,3,4,3,3,1,1,4,4,3,1,1,3,1,1,1,4,3,1,3,1,4,3,3,1,3,3,1,1,1,1,2,3,3,1,1,1,4
307,3,3,5,3,3,2,2,1,1,1,1,5,5,2,2,4,3,4,3,5,3,5,3,2,2,4,5,2,4,3,2,3,1,1,1,1,3,2,4,5,4,5,4,2,2,2,2,3,4,5,2,3,1,1,3,1,2,1,5,4,2,4,4,5,2,1,3,3,4,5,2,2,5,1,1,1,5,5,3,1,3,3,5,1,2,5,2,2,1,1,3,1,2,2,5,1,1,3,4,5,1,3,5,3,2,1,5,2,3,2,1,4,3,5,3,3,5,3,2,1,5,5,4,3,5,5,2,1,1,4
308,2,5,4,4,5,4,3,5,3,4,2,2,4,3,5,2,5,5,2,5,4,5,5,5,4,2,4,5,2,4,5,5,3,5,5,4,1,4,2,5,5,3,5,1,5,5,4,2,3,3,4,5,4,4,1,1,5,2,5,2,4,3,3,1,5,5,5,1,5,3,4,5,5,5,4,4,5,5,5,4,4,4,4,4,5,4,2,5,4,4,4,5,4,5,5,5,5,4,4,4,5,3,3,1,5,2,4,5,5,5,5,5,5,3,4,5,1,4,4,2,2,2,3,5,5,5,2,5,4,5
309,3,4,4,5,5,4,3,4,3,5,4,4,4,5,4,5,5,4,5,4,4,3,4,5,5,4,3,3,1,5,4,5,5,5,5,3,3,1,5,5,4,5,4,4,5,2,4,5,4,1,2,5,2,3,4,5,5,4,3,4,3,5,5,2,5,4,5,4,1,5,3,1,2,3,4,5,5,3,3,5,5,3,5,2,2,3,5,2,5,4,3,1,4,5,4,5,5,5,4,5,5,5,5,4,4,2,3,2,5,4,4,5,5,4,4,4,1,3,3,5,2,3,4,3,3,3,2,2,2,5
310,4,3,3,4,3,3,2,1,2,3,2,3,3,3,3,1,1,4,3,3,3,3,3,3,3,1,3,2,1,2,2,2,1,1,3,2,1,1,1,3,3,2,2,1,3,2,2,1,1,4,1,1,3,1,3,2,4,3,3,1,1,1,4,1,1,3,4,1,1,1,1,1,1,3,3,1,1,3,1,1,1,2,2,1,4,4,2,4,3,2,3,2,3,1,4,1,1,1,1,4,3,3,1,1,2,1,2,3,4,2,2,1,1,4,3,2,3,1,1,1,2,3,1,2,3,3,1,1,1,3
311,3,3,3,3,4,3,3,4,3,4,3,4,4,3,4,3,4,4,4,4,4,3,3,4,4,3,4,1,3,3,3,5,3,5,4,4,2,5,3,4,4,4,4,4,4,4,4,3,3,4,5,5,5,4,4,3,3,4,5,3,5,4,4,4,4,5,4,3,3,5,4,4,4,4,4,3,4,4,4,4,4,4,4,3,4,4,5,5,4,4,5,4,4,3,4,4,3,1,3,4,5,4,3,3,5,3,3,4,4,4,3,3,3,5,4,4,4,4,4,4,4,2,3,4,4,4,3,4,3,3
312,3,4,4,2,4,3,4,4,2,2,3,2,5,3,2,2,3,2,3,5,2,4,4,4,4,4,5,2,3,3,4,3,2,4,4,3,3,4,3,5,3,4,4,2,3,4,4,3,4,5,5,5,3,4,3,2,4,4,5,3,3,4,4,5,5,4,4,4,3,5,4,4,3,3,3,3,5,5,5,3,4,4,3,2,5,4,4,3,4,4,5,4,3,2,5,4,3,3,3,5,5,3,5,3,3,3,5,4,4,3,4,4,4,5,5,3,3,4,5,3,5,2,2,4,5,5,3,3,3,3
313,3,3,4,3,3,3,4,3,3,3,3,3,4,3,4,3,3,3,4,4,3,4,3,4,3,5,4,3,3,3,3,3,3,3,4,3,3,3,3,3,5,3,3,3,3,3,3,5,3,3,3,3,5,3,5,3,5,3,5,4,5,3,5,5,3,4,3,3,5,3,3,3,3,3,3,3,5,3,3,3,3,5,3,3,5,3,5,3,3,3,5,3,3,5,3,3,5,3,3,5,3,3,5,3,3,5,3,3,3,5,3,5,3,5,3,3,5,3,5,3,3,3,3,5,3,5,3,3,3,5
314,4,3,4,3,4,2,4,5,4,4,2,3,4,3,4,2,4,4,3,5,3,4,3,4,4,4,4,3,2,3,3,4,2,3,4,4,2,4,3,4,3,3,4,2,3,4,4,3,3,4,3,2,2,2,2,2,2,4,4,3,4,3,4,3,4,3,3,2,3,3,2,2,2,3,4,4,3,4,4,3,3,3,3,3,3,3,3,4,3,3,3,3,3,3,5,3,3,2,3,5,3,3,3,3,3,2,4,3,4,4,3,4,3,5,4,4,4,3,3,3,4,2,3,4,4,4,3,3,3,2
315,3,3,4,3,3,3,2,1,3,4,2,4,4,3,2,3,5,4,2,4,2,3,3,4,3,4,3,3,4,4,3,3,3,3,2,3,3,5,4,3,4,4,2,4,3,3,5,2,4,3,3,4,3,2,3,1,3,2,3,4,4,3,3,2,3,5,3,3,4,3,4,5,3,4,3,4,3,4,3,2,3,4,3,2,2,3,4,4,2,3,4,5,4,2,3,3,4,3,2,3,4,4,3,3,3,2,3,5,2,3,4,4,4,3,3,3,3,2,3,4,3,3,2,3,4,2,3,2,3,3
316,4,4,4,4,4,4,3,3,3,3,3,3,3,3,3,3,3,3,3,3,3,3,3,3,3,3,3,3,3,3,3,3,3,3,3,3,3,3,3,3,3,3,3,3,3,3,3,3,3,3,3,3,3,3,3,3,3,3,3,3,3,3,4,4,4,3,3,3,3,3,3,3,3,3,3,3,3,3,4,4,4,3,3,3,3,3,3,3,3,3,3,3,3,3,3,3,3,3,3,3,3,3,3,3,3,3,3,3,3,3,3,3,3,3,3,3,3,4,4,3,3,3,3,3,3,3,3,3,3,3
317,3,4,4,3,3,3,3,4,4,3,2,3,4,3,5,1,3,2,3,3,3,4,4,4,5,2,3,3,1,4,4,2,4,2,4,3,1,4,3,5,4,3,4,3,3,4,3,1,3,3,4,4,5,4,3,4,5,4,4,2,3,3,4,4,4,4,4,3,2,4,3,5,3,3,4,4,3,2,4,4,5,3,4,2,2,3,3,4,4,4,4,3,3,4,3,4,3,1,3,2,4,4,1,1,4,3,3,4,4,4,4,4,3,4,3,4,1,4,4,3,2,4,3,3,3,3,1,4,1,4
318,3,3,3,3,3,3,3,3,3,3,3,3,3,3,3,3,3,3,3,3,3,3,3,3,3,3,3,3,3,3,3,3,3,3,3,3,3,3,3,3,3,3,3,3,3,3,3,3,3,3,3,3,3,3,3,3,3,3,3,3,3,3,3,3,3,3,3,3,3,3,3,3,3,3,3,3,3,3,3,3,3,3,3,3,3,3,3,3,3,3,3,3,3,3,3,3,3,3,3,3,3,3,3,3,3,3,3,3,3,3,3,3,3,3,3,3,3,3,3,3,3,3,3,3,3,3,3,3,3,3
319,4,2,2,2,4,3,3,4,3,2,4,4,5,3,3,2,3,2,3,5,3,5,2,2,2,3,4,2,2,2,3,3,3,2,2,3,2,2,2,4,2,2,2,2,2,2,2,3,2,5,3,3,2,2,2,2,2,3,5,3,3,3,2,5,3,5,3,3,3,3,2,2,2,2,4,2,3,5,5,2,2,2,4,2,2,5,3,4,4,4,3,3,3,3,5,3,3,3,3,3,2,3,4,3,3,2,5,4,3,3,2,3,3,5,3,3,5,3,3,2,5,3,2,3,5,5,3,3,3,4
320,2,4,1,1,3,1,2,1,4,2,5,1,1,4,4,1,1,1,2,1,4,1,3,3,1,1,1,1,1,5,2,4,1,4,4,2,1,1,4,1,1,2,2,4,2,1,1,1,1,1,5,5,5,2,1,1,4,4,3,1,1,1,5,1,1,1,1,1,1,1,4,5,5,1,1,1,1,1,4,5,5,3,5,5,3,4,1,1,2,3,4,2,5,1,1,1,1,1,1,1,5,3,1,1,4,1,1,1,5,2,5,5,1,5,5,1,1,1,1,5,1,2,3,4,1,5,1,1,5,1
321,4,5,3,4,3,5,4,3,3,5,5,2,3,3,3,2,4,1,4,4,3,4,4,4,3,2,4,3,4,1,3,4,2,4,5,3,4,5,2,5,3,4,4,4,2,5,3,3,4,4,4,2,4,1,4,4,3,4,4,3,5,3,4,4,3,3,4,5,3,3,3,4,4,4,5,4,3,4,3,4,4,4,4,5,4,3,4,5,4,4,4,5,4,2,3,5,2,4,3,4,4,4,5,3,5,4,1,5,4,4,4,5,3,5,3,4,3,3,4,4,3,2,4,4,4,4,4,5,4,4
322,3,4,3,1,3,3,4,3,1,3,2,3,2,3,2,1,2,4,3,4,3,4,4,4,3,3,2,3,4,3,3,3,3,4,3,2,3,2,4,3,4,3,3,2,4,3,4,3,3,4,2,4,4,3,3,3,3,3,4,1,4,3,4,3,4,3,3,3,3,3,4,4,3,2,4,2,4,3,3,3,4,2,2,4,4,3,3,3,3,4,2,4,4,3,3,3,3,3,3,3,5,3,3,3,4,2,4,4,4,3,3,4,4,4,4,4,3,2,2,4,2,4,3,2,2,3,3,2,2,3
323,4,4,5,3,4,4,5,4,3,4,3,3,5,4,4,1,4,5,4,5,3,4,5,5,4,3,4,3,3,4,5,5,5,5,5,5,3,4,5,4,4,4,4,5,5,4,4,4,3,5,4,5,5,5,4,3,3,5,5,5,5,5,5,5,5,5,5,4,5,5,5,5,5,5,5,5,5,5,5,5,5,5,5,4,4,4,4,4,4,5,4,5,4,5,4,5,5,4,5,5,5,5,4,4,4,4,4,4,4,4,4,4,4,5,5,5,5,5,5,5,5,5,5,5,5,5,5,5,5,5
324,2,4,4,3,4,3,5,5,4,3,3,4,4,3,3,3,3,4,4,3,3,3,4,4,4,3,2,2,3,3,3,3,3,3,3,3,3,3,3,3,3,3,3,4,4,3,4,4,4,4,4,4,4,4,4,4,4,4,4,4,4,4,3,3,3,3,3,3,3,3,3,3,3,3,3,4,3,3,3,4,3,4,3,3,3,3,4,4,4,4,4,4,3,4,3,4,4,4,4,4,4,4,4,2,3,3,3,4,4,4,4,3,3,3,4,2,3,3,4,3,3,3,4,4,4,3,4,3,4,4
325,4,4,3,3,4,3,3,4,2,3,2,2,4,3,3,2,4,4,2,4,2,3,3,4,4,4,4,1,1,4,4,3,1,4,4,3,1,3,4,4,3,3,3,1,3,3,3,2,2,5,3,2,3,3,3,2,3,2,4,4,2,3,5,3,3,4,4,3,2,3,2,3,2,3,4,2,2,3,2,2,2,2,3,2,2,4,3,3,3,3,3,2,2,4,4,3,2,3,4,4,4,4,4,4,2,4,3,3,1,3,4,4,4,4,3,2,2,2,2,2,3,2,4,4,4,4,2,4,4,4
326,3,4,4,3,5,3,3,3,3,4,3,3,4,2,4,3,4,5,3,3,3,4,4,4,5,3,4,4,2,5,4,3,3,4,4,4,2,5,3,5,3,4,3,3,3,3,4,3,3,4,3,4,4,4,3,4,2,2,4,3,5,4,5,4,3,5,4,3,3,5,4,3,3,2,4,3,3,3,4,4,4,4,3,2,4,4,4,4,3,4,4,3,3,3,4,4,4,2,2,4,4,4,3,2,3,3,3,4,5,5,2,1,3,4,5,5,3,3,5,2,2,2,2,5,3,3,2,3,3,5
327,2,2,4,4,3,1,2,4,1,3,3,4,2,3,1,1,3,3,2,2,1,3,2,4,3,4,2,1,1,3,2,4,2,3,2,2,1,2,4,4,1,2,1,3,2,4,1,4,2,4,4,4,4,3,2,1,4,1,2,3,3,1,3,5,3,1,3,1,4,3,3,3,2,2,2,1,2,4,3,2,3,3,5,1,4,3,1,3,2,3,4,4,2,3,3,2,1,1,4,3,4,4,2,1,2,3,3,2,1,1,3,1,1,4,3,4,4,2,2,3,4,1,2,1,3,4,1,2,2,3
328,2,4,4,3,5,3,5,5,2,4,3,3,5,4,3,3,3,4,4,5,3,3,4,3,5,3,5,1,1,4,4,2,1,4,3,3,3,3,3,5,4,4,4,2,3,3,4,3,3,5,3,4,2,4,4,3,3,2,5,3,3,5,4,3,4,3,3,3,3,5,4,4,3,2,3,4,4,4,5,4,4,3,4,3,4,4,3,4,3,3,4,3,3,2,5,3,3,2,4,5,5,2,3,2,3,2,3,4,4,3,3,4,3,3,4,3,3,2,4,2,4,4,3,2,4,5,2,3,4,4
329,5,4,3,3,4,5,4,3,3,5,5,5,5,5,5,3,5,3,4,4,4,5,5,5,4,2,5,4,4,5,5,5,5,5,5,5,3,5,3,5,5,5,5,5,5,4,5,4,5,5,5,5,5,5,4,2,4,5,5,4,5,5,5,4,5,4,5,5,3,5,5,5,4,5,5,5,4,4,5,3,4,5,5,4,4,5,5,4,4,5,5,5,5,3,5,5,4,4,5,5,5,5,5,3,5,5,5,5,5,5,5,1,5,5,5,3,3,4,4,4,4,5,4,2,5,5,5,5,5,5
330,4,4,4,4,4,4,4,4,3,4,4,4,4,4,4,4,4,4,4,4,4,4,4,4,4,4,4,4,4,4,4,4,4,4,4,4,4,4,4,4,4,4,4,4,4,4,4,4,4,4,4,4,4,4,4,4,4,4,4,4,4,4,4,4,4,4,4,4,4,4,4,4,4,4,4,4,4,4,4,4,4,4,4,4,4,4,4,4,4,4,4,4,4,4,4,4,4,4,4,4,4,4,3,4,4,4,4,4,4,4,4,4,4,4,4,4,4,4,4,4,4,4,4,4,4,4,4,4,4,4
331,3,4,4,4,5,3,4,2,3,3,3,3,4,3,4,4,3,5,3,3,3,3,4,4,4,4,4,3,4,3,3,3,3,4,4,4,3,3,3,4,3,3,3,3,3,3,3,3,3,3,3,3,4,4,4,3,4,3,4,3,3,4,4,3,5,4,5,3,3,3,3,4,4,3,3,3,3,3,3,3,4,4,3,3,3,4,3,3,3,3,4,3,3,3,3,3,3,3,3,4,5,3,3,3,3,3,3,3,5,3,3,5,3,3,3,3,3,3,3,3,3,3,3,4,3,3,3,3,3,5
332,4,4,4,4,5,4,3,4,2,2,2,3,3,3,3,3,4,4,4,4,3,4,5,2,2,3,4,4,4,4,4,4,5,2,3,4,5,2,4,4,4,3,4,5,4,4,4,4,4,4,4,3,3,3,2,3,2,3,4,4,4,4,4,4,4,4,3,3,3,4,3,4,4,4,4,4,4,3,3,3,3,5,5,5,5,4,3,3,3,4,4,3,4,4,4,4,3,4,4,4,4,3,3,3,3,3,4,4,4,3,4,3,4,4,5,5,5,4,4,4,4,4,4,3,4,4,3,4,3,3
333,3,4,5,3,5,3,3,5,3,3,5,5,5,2,3,3,2,4,2,5,2,5,2,3,3,5,5,2,5,4,3,3,4,3,2,3,5,2,5,5,5,5,3,3,3,2,2,5,5,5,3,3,5,5,5,3,4,4,5,5,3,3,4,5,5,4,3,3,5,5,3,4,3,3,3,3,5,5,5,3,3,5,5,5,5,5,5,3,3,3,4,3,3,4,5,3,3,1,5,5,3,5,5,1,3,3,5,4,3,3,4,5,5,5,5,4,5,3,3,3,5,5,3,4,5,4,4,4,5,5
334,4,4,2,2,5,4,4,4,3,5,4,4,3,4,2,2,2,2,1,4,4,4,4,5,4,4,4,2,2,2,5,4,4,2,4,4,2,4,4,5,3,4,5,4,5,2,5,2,2,4,4,2,4,2,4,2,5,5,3,4,4,4,5,4,5,4,4,4,4,2,2,5,4,4,2,5,5,4,4,5,4,4,4,2,4,4,3,4,2,4,5,5,5,4,4,4,2,1,4,4,5,4,4,1,4,4,4,4,2,4,4,5,4,4,4,3,4,3,4,4,5,4,4,2,5,4,5,5,4,2
335,5,4,4,2,1,1,2,2,2,5,4,1,5,4,2,2,1,2,5,1,5,2,2,2,3,3,5,2,1,1,1,1,1,1,2,1,1,1,5,4,1,4,1,1,1,1,1,1,1,1,1,1,1,1,1,1,1,1,1,1,1,1,1,1,1,1,1,1,5,5,2,1,1,3,1,1,4,5,4,1,1,1,1,1,1,4,1,1,1,1,1,1,1,2,5,3,1,2,3,4,2,1,3,1,1,1,5,3,1,2,1,2,1,3,1,2,1,1,1,1,5,1,1,1,4,5,1,1,1,3
336,3,3,3,3,3,3,3,3,3,3,3,3,3,3,3,3,3,3,3,3,3,3,2,2,4,4,3,1,4,4,4,2,2,2,2,2,2,2,4,5,3,3,3,2,4,3,3,3,3,4,3,2,3,3,3,1,1,1,1,1,2,3,1,1,1,4,3,3,2,3,2,3,4,3,2,4,2,3,3,2,3,2,2,3,2,1,5,3,3,4,4,4,2,4,1,4,2,3,3,3,1,4,5,4,4,2,2,2,4,4,5,3,3,5,2,1,3,4,2,1,3,4,2,1,2,3,3,4,3,5
337,2,4,4,3,4,3,3,4,2,3,2,3,4,4,4,2,4,4,3,5,3,4,2,4,2,2,4,3,2,3,4,3,2,4,4,3,2,3,3,4,4,4,3,3,4,3,3,2,2,4,3,4,4,3,2,2,4,3,4,3,4,2,4,3,4,3,4,2,2,4,3,2,2,4,3,2,4,3,4,2,3,4,3,3,4,4,3,2,3,4,2,3,2,3,4,4,2,1,2,4,4,2,3,1,4,2,4,3,4,3,2,4,2,4,3,4,3,3,3,2,4,2,3,3,4,4,4,3,2,4
